Station,Date,Season,Detection #,Time,Time of Day,Duration,Species,Trophic Level,Feeding Mode,No. of Individuals,,,,,,,,,,,,,,,,,,,,,,,,,,,,,,,,,,,,,,,,,,,,,,,,,,,,,,,,,,,,,,,,,,,,,,,,,,,,,,,,,
D03-21,7/15/2019,Summer,1,13:14:52,Afternoon,0:02:37,Turkey vulture,Tertiary consumer,Scavenger,1,,,,,,,,,,,,,,,,,,,,,,,,,,,,,,,,,,,,,,,,,,,,,,,,,,,,,,,,,,,,,,,,,,,,,,,,,,,,,,,,,
D03-21,7/15/2019,Summer,2,19:43:38,Evening,0:00:01,Turkey vulture,Tertiary consumer,Scavenger,1,,,,,,,,,,,,,,,,,,,,,,,,,,,,,,,,,,,,,,,,,,,,,,,,,,,,,,,,,,,,,,,,,,,,,,,,,,,,,,,,,
D03-21,7/15/2019,Summer,3,21:15:56,Night,0:00:01,Coyote,Tertiary consumer,Meso-carnivore,1,,,,,,,,,,,,,,,,,,,,,,,,,,,,,,,,,,,,,,,,,,,,,,,,,,,,,,,,,,,,,,,,,,,,,,,,,,,,,,,,,
D03-21,7/16/2019,Summer,4,6:30:37,Morning,0:00:01,Turkey vulture,Tertiary consumer,Scavenger,3,,,,,,,,,,,,,,,,,,,,,,,,,,,,,,,,,,,,,,,,,,,,,,,,,,,,,,,,,,,,,,,,,,,,,,,,,,,,,,,,,
D03-21,7/16/2019,Summer,5,18:16:17,Evening,0:00:01,Turkey vulture,Tertiary consumer,Scavenger,2,,,,,,,,,,,,,,,,,,,,,,,,,,,,,,,,,,,,,,,,,,,,,,,,,,,,,,,,,,,,,,,,,,,,,,,,,,,,,,,,,
D03-21,7/16/2019,Summer,6,18:38:34,Evening,0:00:01,Turkey vulture,Tertiary consumer,Scavenger,1,,,,,,,,,,,,,,,,,,,,,,,,,,,,,,,,,,,,,,,,,,,,,,,,,,,,,,,,,,,,,,,,,,,,,,,,,,,,,,,,,
D03-21,7/16/2019,Summer,7,22:38:15,Night,0:01:14,American black bear,Apex predator,Hypo-carnivore,1,,,,,,,,,,,,,,,,,,,,,,,,,,,,,,,,,,,,,,,,,,,,,,,,,,,,,,,,,,,,,,,,,,,,,,,,,,,,,,,,,
D03-21,7/16/2019,Summer,8,22:39:37,Night,0:00:01,Coyote,Tertiary consumer,Meso-carnivore,1,,,,,,,,,,,,,,,,,,,,,,,,,,,,,,,,,,,,,,,,,,,,,,,,,,,,,,,,,,,,,,,,,,,,,,,,,,,,,,,,,
D03-21,7/16/2019,Summer,9,22:39:42,Night,0:00:01,American black bear,Apex predator,Hypo-carnivore,1,,,,,,,,,,,,,,,,,,,,,,,,,,,,,,,,,,,,,,,,,,,,,,,,,,,,,,,,,,,,,,,,,,,,,,,,,,,,,,,,,
D03-21,7/16/2019,Summer,10,22:39:50,Night,0:00:01,Coyote,Tertiary consumer,Meso-carnivore,1,,,,,,,,,,,,,,,,,,,,,,,,,,,,,,,,,,,,,,,,,,,,,,,,,,,,,,,,,,,,,,,,,,,,,,,,,,,,,,,,,
D03-21,7/16/2019,Summer,11,22:40:14,Night,0:00:01,American black bear,Apex predator,Hypo-carnivore,1,,,,,,,,,,,,,,,,,,,,,,,,,,,,,,,,,,,,,,,,,,,,,,,,,,,,,,,,,,,,,,,,,,,,,,,,,,,,,,,,,
D03-21,7/16/2019,Summer,12,22:40:23,Night,0:00:13,Coyote,Tertiary consumer,Meso-carnivore,1,,,,,,,,,,,,,,,,,,,,,,,,,,,,,,,,,,,,,,,,,,,,,,,,,,,,,,,,,,,,,,,,,,,,,,,,,,,,,,,,,
D03-21,7/16/2019,Summer,13,22:41:02,Night,0:00:13,American black bear,Apex predator,Hypo-carnivore,2,,,,,,,,,,,,,,,,,,,,,,,,,,,,,,,,,,,,,,,,,,,,,,,,,,,,,,,,,,,,,,,,,,,,,,,,,,,,,,,,,
D03-21,7/16/2019,Summer,14,22:41:15,Night,0:00:01,Coyote,Tertiary consumer,Meso-carnivore,2,,,,,,,,,,,,,,,,,,,,,,,,,,,,,,,,,,,,,,,,,,,,,,,,,,,,,,,,,,,,,,,,,,,,,,,,,,,,,,,,,
D03-21,7/16/2019,Summer,15,22:41:27,Night,0:32:49,American black bear,Apex predator,Hypo-carnivore,1,,,,,,,,,,,,,,,,,,,,,,,,,,,,,,,,,,,,,,,,,,,,,,,,,,,,,,,,,,,,,,,,,,,,,,,,,,,,,,,,,
D03-21,7/17/2019,Summer,16,4:00:00,Night,0:20:21,American black bear,Apex predator,Hypo-carnivore,1,,,,,,,,,,,,,,,,,,,,,,,,,,,,,,,,,,,,,,,,,,,,,,,,,,,,,,,,,,,,,,,,,,,,,,,,,,,,,,,,,
D03-21,7/17/2019,Summer,17,7:07:56,Morning,0:00:33,Turkey vulture,Tertiary consumer,Scavenger,2,,,,,,,,,,,,,,,,,,,,,,,,,,,,,,,,,,,,,,,,,,,,,,,,,,,,,,,,,,,,,,,,,,,,,,,,,,,,,,,,,
D03-21,7/17/2019,Summer,20,19:53:44,Evening,0:00:01,Turkey vulture,Tertiary consumer,Scavenger,3,,,,,,,,,,,,,,,,,,,,,,,,,,,,,,,,,,,,,,,,,,,,,,,,,,,,,,,,,,,,,,,,,,,,,,,,,,,,,,,,,
D03-21,7/18/2019,Summer,21,19:08:16,Evening,0:00:01,Turkey vulture,Tertiary consumer,Scavenger,1,,,,,,,,,,,,,,,,,,,,,,,,,,,,,,,,,,,,,,,,,,,,,,,,,,,,,,,,,,,,,,,,,,,,,,,,,,,,,,,,,
D03-21,7/18/2019,Summer,22,20:12:19,Evening,0:00:01,White-tailed deer,Primary consumer,Herbivore,1,,,,,,,,,,,,,,,,,,,,,,,,,,,,,,,,,,,,,,,,,,,,,,,,,,,,,,,,,,,,,,,,,,,,,,,,,,,,,,,,,
D03-21,7/19/2019,Summer,23,2:34:03,Night,0:00:18,Coyote,Tertiary consumer,Meso-carnivore,1,,,,,,,,,,,,,,,,,,,,,,,,,,,,,,,,,,,,,,,,,,,,,,,,,,,,,,,,,,,,,,,,,,,,,,,,,,,,,,,,,
D03-21,7/19/2019,Summer,24,3:06:31,Night,0:03:46,Coyote,Tertiary consumer,Meso-carnivore,1,,,,,,,,,,,,,,,,,,,,,,,,,,,,,,,,,,,,,,,,,,,,,,,,,,,,,,,,,,,,,,,,,,,,,,,,,,,,,,,,,
D03-21,7/19/2019,Summer,25,7:23:23,Morning,0:00:01,Turkey vulture,Tertiary consumer,Scavenger,2,,,,,,,,,,,,,,,,,,,,,,,,,,,,,,,,,,,,,,,,,,,,,,,,,,,,,,,,,,,,,,,,,,,,,,,,,,,,,,,,,
D03-21,7/20/2019,Summer,26,17:57:02,Evening,0:00:01,Turkey vulture,Tertiary consumer,Scavenger,2,,,,,,,,,,,,,,,,,,,,,,,,,,,,,,,,,,,,,,,,,,,,,,,,,,,,,,,,,,,,,,,,,,,,,,,,,,,,,,,,,
D03-21,7/21/2019,Summer,27,2:17:46,Night,0:00:14,Coyote,Tertiary consumer,Meso-carnivore,1,,,,,,,,,,,,,,,,,,,,,,,,,,,,,,,,,,,,,,,,,,,,,,,,,,,,,,,,,,,,,,,,,,,,,,,,,,,,,,,,,
D03-21,7/21/2019,Summer,28,2:34:09,Night,0:15:56,Coyote,Tertiary consumer,Meso-carnivore,1,,,,,,,,,,,,,,,,,,,,,,,,,,,,,,,,,,,,,,,,,,,,,,,,,,,,,,,,,,,,,,,,,,,,,,,,,,,,,,,,,
D03-21,7/21/2019,Summer,29,3:03:58,Night,0:02:01,Coyote,Tertiary consumer,Meso-carnivore,1,,,,,,,,,,,,,,,,,,,,,,,,,,,,,,,,,,,,,,,,,,,,,,,,,,,,,,,,,,,,,,,,,,,,,,,,,,,,,,,,,
D03-21,7/21/2019,Summer,30,13:28:57,Afternoon,0:00:10,Eastern gray squirrel,Primary consumer,Omnivore,1,,,,,,,,,,,,,,,,,,,,,,,,,,,,,,,,,,,,,,,,,,,,,,,,,,,,,,,,,,,,,,,,,,,,,,,,,,,,,,,,,
D03-21,7/22/2019,Summer,31,10:14:30,Morning,0:10:25,White-tailed deer,Primary consumer,Herbivore,4,,,,,,,,,,,,,,,,,,,,,,,,,,,,,,,,,,,,,,,,,,,,,,,,,,,,,,,,,,,,,,,,,,,,,,,,,,,,,,,,,
D03-21,7/22/2019,Summer,32,13:18:32,Afternoon,0:00:01,Turkey vulture,Tertiary consumer,Scavenger,1,,,,,,,,,,,,,,,,,,,,,,,,,,,,,,,,,,,,,,,,,,,,,,,,,,,,,,,,,,,,,,,,,,,,,,,,,,,,,,,,,
D03-21,7/22/2019,Summer,33,14:43:00,Afternoon,0:00:01,Turkey vulture,Tertiary consumer,Scavenger,2,,,,,,,,,,,,,,,,,,,,,,,,,,,,,,,,,,,,,,,,,,,,,,,,,,,,,,,,,,,,,,,,,,,,,,,,,,,,,,,,,
D03-21,7/22/2019,Summer,34,20:39:31,Evening,0:04:06,White-tailed deer,Primary consumer,Herbivore,1,,,,,,,,,,,,,,,,,,,,,,,,,,,,,,,,,,,,,,,,,,,,,,,,,,,,,,,,,,,,,,,,,,,,,,,,,,,,,,,,,
D03-21,7/23/2019,Summer,35,13:27:27,Afternoon,0:00:15,Coyote,Tertiary consumer,Meso-carnivore,1,,,,,,,,,,,,,,,,,,,,,,,,,,,,,,,,,,,,,,,,,,,,,,,,,,,,,,,,,,,,,,,,,,,,,,,,,,,,,,,,,
D03-21,7/23/2019,Summer,36,14:48:54,Afternoon,0:00:01,Turkey vulture,Tertiary consumer,Scavenger,1,,,,,,,,,,,,,,,,,,,,,,,,,,,,,,,,,,,,,,,,,,,,,,,,,,,,,,,,,,,,,,,,,,,,,,,,,,,,,,,,,
D03-21,7/23/2019,Summer,37,17:22:49,Evening,0:00:01,Turkey vulture,Tertiary consumer,Scavenger,1,,,,,,,,,,,,,,,,,,,,,,,,,,,,,,,,,,,,,,,,,,,,,,,,,,,,,,,,,,,,,,,,,,,,,,,,,,,,,,,,,
D03-21,7/24/2019,Summer,38,18:12:59,Evening,0:30:22,American black bear,Apex predator,Hypo-carnivore,1,,,,,,,,,,,,,,,,,,,,,,,,,,,,,,,,,,,,,,,,,,,,,,,,,,,,,,,,,,,,,,,,,,,,,,,,,,,,,,,,,
D03-21,7/25/2019,Summer,39,19:30:10,Evening,0:00:01,American black bear,Apex predator,Hypo-carnivore,1,,,,,,,,,,,,,,,,,,,,,,,,,,,,,,,,,,,,,,,,,,,,,,,,,,,,,,,,,,,,,,,,,,,,,,,,,,,,,,,,,
D03-21,7/25/2019,Summer,40,21:46:15,Night,0:00:01,White-tailed deer,Primary consumer,Herbivore,1,,,,,,,,,,,,,,,,,,,,,,,,,,,,,,,,,,,,,,,,,,,,,,,,,,,,,,,,,,,,,,,,,,,,,,,,,,,,,,,,,
D03-21,7/26/2019,Summer,41,6:07:12,Morning,0:05:23,Coyote,Tertiary consumer,Meso-carnivore,1,,,,,,,,,,,,,,,,,,,,,,,,,,,,,,,,,,,,,,,,,,,,,,,,,,,,,,,,,,,,,,,,,,,,,,,,,,,,,,,,,
D03-21,7/26/2019,Summer,42,6:38:29,Morning,0:05:25,American black bear,Apex predator,Hypo-carnivore,1,,,,,,,,,,,,,,,,,,,,,,,,,,,,,,,,,,,,,,,,,,,,,,,,,,,,,,,,,,,,,,,,,,,,,,,,,,,,,,,,,
D03-21,7/27/2019,Summer,43,12:40:07,Afternoon,0:08:53,Coyote,Tertiary consumer,Meso-carnivore,1,,,,,,,,,,,,,,,,,,,,,,,,,,,,,,,,,,,,,,,,,,,,,,,,,,,,,,,,,,,,,,,,,,,,,,,,,,,,,,,,,
D03-21,7/27/2019,Summer,44,20:23:20,Evening,0:01:12,American black bear,Apex predator,Hypo-carnivore,1,,,,,,,,,,,,,,,,,,,,,,,,,,,,,,,,,,,,,,,,,,,,,,,,,,,,,,,,,,,,,,,,,,,,,,,,,,,,,,,,,
D03-21,7/27/2019,Summer,45,21:07:26,Night,0:00:01,White-tailed deer,Primary consumer,Herbivore,1,,,,,,,,,,,,,,,,,,,,,,,,,,,,,,,,,,,,,,,,,,,,,,,,,,,,,,,,,,,,,,,,,,,,,,,,,,,,,,,,,
D03-21,7/28/2019,Summer,46,19:53:43,Evening,0:21:21,American black bear,Apex predator,Hypo-carnivore,1,,,,,,,,,,,,,,,,,,,,,,,,,,,,,,,,,,,,,,,,,,,,,,,,,,,,,,,,,,,,,,,,,,,,,,,,,,,,,,,,,
D03-21,7/29/2019,Summer,47,7:25:07,Morning,0:01:57,Coyote,Tertiary consumer,Meso-carnivore,1,,,,,,,,,,,,,,,,,,,,,,,,,,,,,,,,,,,,,,,,,,,,,,,,,,,,,,,,,,,,,,,,,,,,,,,,,,,,,,,,,
D03-21,7/29/2019,Summer,48,15:38:53,Afternoon,0:00:56,White-tailed deer,Primary consumer,Herbivore,1,,,,,,,,,,,,,,,,,,,,,,,,,,,,,,,,,,,,,,,,,,,,,,,,,,,,,,,,,,,,,,,,,,,,,,,,,,,,,,,,,
D03-21,7/29/2019,Summer,49,21:12:36,Night,0:02:35,American black bear,Apex predator,Hypo-carnivore,1,,,,,,,,,,,,,,,,,,,,,,,,,,,,,,,,,,,,,,,,,,,,,,,,,,,,,,,,,,,,,,,,,,,,,,,,,,,,,,,,,
D03-21,7/31/2019,Summer,50,18:34:07,Evening,0:05:52,American black bear,Apex predator,Hypo-carnivore,3,,,,,,,,,,,,,,,,,,,,,,,,,,,,,,,,,,,,,,,,,,,,,,,,,,,,,,,,,,,,,,,,,,,,,,,,,,,,,,,,,
D03-21,7/31/2019,Summer,51,20:22:47,Evening,0:00:01,Coyote,Tertiary consumer,Meso-carnivore,1,,,,,,,,,,,,,,,,,,,,,,,,,,,,,,,,,,,,,,,,,,,,,,,,,,,,,,,,,,,,,,,,,,,,,,,,,,,,,,,,,
D03-21,7/31/2019,Summer,52,20:24:53,Evening,0:00:01,White-tailed deer,Primary consumer,Herbivore,1,,,,,,,,,,,,,,,,,,,,,,,,,,,,,,,,,,,,,,,,,,,,,,,,,,,,,,,,,,,,,,,,,,,,,,,,,,,,,,,,,
D03-21,8/1/2019,Summer,53,17:10:47,Evening,0:01:49,American black bear,Apex predator,Hypo-carnivore,1,,,,,,,,,,,,,,,,,,,,,,,,,,,,,,,,,,,,,,,,,,,,,,,,,,,,,,,,,,,,,,,,,,,,,,,,,,,,,,,,,
D03-21,8/2/2019,Summer,54,19:49:33,Evening,0:01:27,American black bear,Apex predator,Hypo-carnivore,1,,,,,,,,,,,,,,,,,,,,,,,,,,,,,,,,,,,,,,,,,,,,,,,,,,,,,,,,,,,,,,,,,,,,,,,,,,,,,,,,,
D03-21,8/3/2019,Summer,55,17:49:17,Evening,0:01:41,American black bear,Apex predator,Hypo-carnivore,1,,,,,,,,,,,,,,,,,,,,,,,,,,,,,,,,,,,,,,,,,,,,,,,,,,,,,,,,,,,,,,,,,,,,,,,,,,,,,,,,,
D03-21,8/4/2019,Summer,56,12:11:44,Afternoon,0:00:15,White-tailed deer,Primary consumer,Herbivore,1,,,,,,,,,,,,,,,,,,,,,,,,,,,,,,,,,,,,,,,,,,,,,,,,,,,,,,,,,,,,,,,,,,,,,,,,,,,,,,,,,
D03-21,8/8/2019,Summer,57,7:44:00,Morning,0:03:12,White-tailed deer,Primary consumer,Herbivore,1,,,,,,,,,,,,,,,,,,,,,,,,,,,,,,,,,,,,,,,,,,,,,,,,,,,,,,,,,,,,,,,,,,,,,,,,,,,,,,,,,
D03-21,8/8/2019,Summer,58,18:25:34,Evening,0:00:01,Raccoon,Secondary consumer,Omnivore,1,,,,,,,,,,,,,,,,,,,,,,,,,,,,,,,,,,,,,,,,,,,,,,,,,,,,,,,,,,,,,,,,,,,,,,,,,,,,,,,,,
D03-21,8/11/2019,Summer,59,20:34:45,Evening,0:01:45,Coyote,Tertiary consumer,Meso-carnivore,1,,,,,,,,,,,,,,,,,,,,,,,,,,,,,,,,,,,,,,,,,,,,,,,,,,,,,,,,,,,,,,,,,,,,,,,,,,,,,,,,,
D03-21,8/12/2019,Summer,60,4:38:12,Night,0:00:01,Long-tailed weasel,Secondary consumer,Hyper-carnivore,1,,,,,,,,,,,,,,,,,,,,,,,,,,,,,,,,,,,,,,,,,,,,,,,,,,,,,,,,,,,,,,,,,,,,,,,,,,,,,,,,,
D03-21,8/12/2019,Summer,61,20:07:46,Evening,0:16:03,American black bear,Apex predator,Hypo-carnivore,3,,,,,,,,,,,,,,,,,,,,,,,,,,,,,,,,,,,,,,,,,,,,,,,,,,,,,,,,,,,,,,,,,,,,,,,,,,,,,,,,,
D03-21,8/13/2019,Summer,62,5:21:11,Morning,0:28:07,American black bear,Apex predator,Hypo-carnivore,3,,,,,,,,,,,,,,,,,,,,,,,,,,,,,,,,,,,,,,,,,,,,,,,,,,,,,,,,,,,,,,,,,,,,,,,,,,,,,,,,,
D03-21,8/14/2019,Summer,63,1:21:04,Night,0:00:01,Eastern cottontail,Primary consumer,Herbivore,1,,,,,,,,,,,,,,,,,,,,,,,,,,,,,,,,,,,,,,,,,,,,,,,,,,,,,,,,,,,,,,,,,,,,,,,,,,,,,,,,,
D03-21,8/14/2019,Summer,64,21:14:12,Night,0:16:08,American black bear,Apex predator,Hypo-carnivore,3,,,,,,,,,,,,,,,,,,,,,,,,,,,,,,,,,,,,,,,,,,,,,,,,,,,,,,,,,,,,,,,,,,,,,,,,,,,,,,,,,
D03-21,8/15/2019,Summer,65,3:43:06,Night,0:15:00,Coyote,Tertiary consumer,Meso-carnivore,1,,,,,,,,,,,,,,,,,,,,,,,,,,,,,,,,,,,,,,,,,,,,,,,,,,,,,,,,,,,,,,,,,,,,,,,,,,,,,,,,,
D03-21,8/16/2019,Summer,66,3:25:06,Night,0:00:01,White-tailed deer,Primary consumer,Herbivore,1,,,,,,,,,,,,,,,,,,,,,,,,,,,,,,,,,,,,,,,,,,,,,,,,,,,,,,,,,,,,,,,,,,,,,,,,,,,,,,,,,
D03-21,8/16/2019,Summer,67,19:52:22,Evening,0:31:55,American black bear,Apex predator,Hypo-carnivore,3,,,,,,,,,,,,,,,,,,,,,,,,,,,,,,,,,,,,,,,,,,,,,,,,,,,,,,,,,,,,,,,,,,,,,,,,,,,,,,,,,
D03-21,8/25/2019,Summer,68,2:15:49,Night,0:00:01,Raccoon,Secondary consumer,Omnivore,1,,,,,,,,,,,,,,,,,,,,,,,,,,,,,,,,,,,,,,,,,,,,,,,,,,,,,,,,,,,,,,,,,,,,,,,,,,,,,,,,,
D03-21,8/25/2019,Summer,69,17:00:00,Evening,0:00:01,Bobcat,Tertiary consumer,Hyper-carnivore,1,,,,,,,,,,,,,,,,,,,,,,,,,,,,,,,,,,,,,,,,,,,,,,,,,,,,,,,,,,,,,,,,,,,,,,,,,,,,,,,,,
D03-21,8/30/2019,Summer,70,2:23:44,Night,0:00:57,White-tailed deer,Primary consumer,Herbivore,1,,,,,,,,,,,,,,,,,,,,,,,,,,,,,,,,,,,,,,,,,,,,,,,,,,,,,,,,,,,,,,,,,,,,,,,,,,,,,,,,,
D03-21,8/30/2019,Summer,71,13:14:39,Afternoon,0:29:51,American black bear,Apex predator,Hypo-carnivore,1,,,,,,,,,,,,,,,,,,,,,,,,,,,,,,,,,,,,,,,,,,,,,,,,,,,,,,,,,,,,,,,,,,,,,,,,,,,,,,,,,
D03-21,8/31/2019,Summer,72,15:41:06,Afternoon,0:14:21,American black bear,Apex predator,Hypo-carnivore,1,,,,,,,,,,,,,,,,,,,,,,,,,,,,,,,,,,,,,,,,,,,,,,,,,,,,,,,,,,,,,,,,,,,,,,,,,,,,,,,,,
D03-21,9/6/2019,Fall,73,6:59:07,Morning,0:09:02,American black bear,Apex predator,Hypo-carnivore,1,,,,,,,,,,,,,,,,,,,,,,,,,,,,,,,,,,,,,,,,,,,,,,,,,,,,,,,,,,,,,,,,,,,,,,,,,,,,,,,,,
D03-21,9/7/2019,Fall,74,21:39:59,Night,0:52:11,American black bear,Apex predator,Hypo-carnivore,3,,,,,,,,,,,,,,,,,,,,,,,,,,,,,,,,,,,,,,,,,,,,,,,,,,,,,,,,,,,,,,,,,,,,,,,,,,,,,,,,,
D03-21,9/7/2019,Fall,75,22:44:55,Night,0:00:01,Raccoon,Secondary consumer,Omnivore,1,,,,,,,,,,,,,,,,,,,,,,,,,,,,,,,,,,,,,,,,,,,,,,,,,,,,,,,,,,,,,,,,,,,,,,,,,,,,,,,,,
D03-21,9/8/2019,Fall,76,6:59:34,Morning,0:07:49,American black bear,Apex predator,Hypo-carnivore,3,,,,,,,,,,,,,,,,,,,,,,,,,,,,,,,,,,,,,,,,,,,,,,,,,,,,,,,,,,,,,,,,,,,,,,,,,,,,,,,,,
D03-21,9/10/2019,Fall,78,1:00:51,Night,0:01:22,American black bear,Apex predator,Hypo-carnivore,3,,,,,,,,,,,,,,,,,,,,,,,,,,,,,,,,,,,,,,,,,,,,,,,,,,,,,,,,,,,,,,,,,,,,,,,,,,,,,,,,,
D03-21,9/11/2019,Fall,79,10:54:00,Morning,0:01:07,American black bear,Apex predator,Hypo-carnivore,1,,,,,,,,,,,,,,,,,,,,,,,,,,,,,,,,,,,,,,,,,,,,,,,,,,,,,,,,,,,,,,,,,,,,,,,,,,,,,,,,,
D03-21,9/12/2019,Fall,80,19:23:33,Evening,0:01:27,American black bear,Apex predator,Hypo-carnivore,2,,,,,,,,,,,,,,,,,,,,,,,,,,,,,,,,,,,,,,,,,,,,,,,,,,,,,,,,,,,,,,,,,,,,,,,,,,,,,,,,,
D03-21,9/15/2019,Fall,81,19:42:22,Evening,0:15:46,American black bear,Apex predator,Hypo-carnivore,3,,,,,,,,,,,,,,,,,,,,,,,,,,,,,,,,,,,,,,,,,,,,,,,,,,,,,,,,,,,,,,,,,,,,,,,,,,,,,,,,,
D03-21,9/15/2019,Fall,82,20:24:06,Evening,0:00:12,Raccoon,Secondary consumer,Omnivore,1,,,,,,,,,,,,,,,,,,,,,,,,,,,,,,,,,,,,,,,,,,,,,,,,,,,,,,,,,,,,,,,,,,,,,,,,,,,,,,,,,
D03-21,9/16/2019,Fall,83,3:40:47,Night,0:00:25,Coyote,Tertiary consumer,Meso-carnivore,1,,,,,,,,,,,,,,,,,,,,,,,,,,,,,,,,,,,,,,,,,,,,,,,,,,,,,,,,,,,,,,,,,,,,,,,,,,,,,,,,,
D03-21,9/17/2019,Fall,84,20:14:13,Evening,0:18:47,American black bear,Apex predator,Hypo-carnivore,3,,,,,,,,,,,,,,,,,,,,,,,,,,,,,,,,,,,,,,,,,,,,,,,,,,,,,,,,,,,,,,,,,,,,,,,,,,,,,,,,,
D03-21,9/20/2019,Fall,85,11:09:59,Morning,0:00:31,American black bear,Apex predator,Hypo-carnivore,1,,,,,,,,,,,,,,,,,,,,,,,,,,,,,,,,,,,,,,,,,,,,,,,,,,,,,,,,,,,,,,,,,,,,,,,,,,,,,,,,,
D03-21,9/21/2019,Fall,86,23:23:15,Night,0:00:14,Raccoon,Secondary consumer,Omnivore,2,,,,,,,,,,,,,,,,,,,,,,,,,,,,,,,,,,,,,,,,,,,,,,,,,,,,,,,,,,,,,,,,,,,,,,,,,,,,,,,,,
D03-24,7/16/2019,Summer,1,16:36:42,Afternoon,0:11:30,Turkey vulture,Tertiary consumer,Scavenger,2,,,,,,,,,,,,,,,,,,,,,,,,,,,,,,,,,,,,,,,,,,,,,,,,,,,,,,,,,,,,,,,,,,,,,,,,,,,,,,,,,
D03-24,7/16/2019,Summer,2,17:11:57,Evening,0:00:01,Turkey vulture,Tertiary consumer,Scavenger,1,,,,,,,,,,,,,,,,,,,,,,,,,,,,,,,,,,,,,,,,,,,,,,,,,,,,,,,,,,,,,,,,,,,,,,,,,,,,,,,,,
D03-24,7/17/2019,Summer,3,11:04:16,Morning,0:00:01,Turkey vulture,Tertiary consumer,Scavenger,1,,,,,,,,,,,,,,,,,,,,,,,,,,,,,,,,,,,,,,,,,,,,,,,,,,,,,,,,,,,,,,,,,,,,,,,,,,,,,,,,,
D03-24,7/18/2019,Summer,4,12:24:32,Afternoon,0:00:01,White-tailed deer,Primary consumer,Herbivore,1,,,,,,,,,,,,,,,,,,,,,,,,,,,,,,,,,,,,,,,,,,,,,,,,,,,,,,,,,,,,,,,,,,,,,,,,,,,,,,,,,
D03-24,7/18/2019,Summer,5,15:17:14,Afternoon,0:00:01,Turkey vulture,Tertiary consumer,Scavenger,2,,,,,,,,,,,,,,,,,,,,,,,,,,,,,,,,,,,,,,,,,,,,,,,,,,,,,,,,,,,,,,,,,,,,,,,,,,,,,,,,,
D03-24,7/18/2019,Summer,6,15:27:17,Afternoon,0:07:14,Turkey vulture,Tertiary consumer,Scavenger,4,,,,,,,,,,,,,,,,,,,,,,,,,,,,,,,,,,,,,,,,,,,,,,,,,,,,,,,,,,,,,,,,,,,,,,,,,,,,,,,,,
D03-24,7/18/2019,Summer,7,16:07:17,Afternoon,0:00:01,Turkey vulture,Tertiary consumer,Scavenger,2,,,,,,,,,,,,,,,,,,,,,,,,,,,,,,,,,,,,,,,,,,,,,,,,,,,,,,,,,,,,,,,,,,,,,,,,,,,,,,,,,
D03-24,7/18/2019,Summer,8,17:37:53,Evening,0:00:01,Turkey vulture,Tertiary consumer,Scavenger,1,,,,,,,,,,,,,,,,,,,,,,,,,,,,,,,,,,,,,,,,,,,,,,,,,,,,,,,,,,,,,,,,,,,,,,,,,,,,,,,,,
D03-24,7/19/2019,Summer,9,11:59:01,Morning-Afternoon,0:01:57,American black bear,Apex predator,Hypo-carnivore,1,,,,,,,,,,,,,,,,,,,,,,,,,,,,,,,,,,,,,,,,,,,,,,,,,,,,,,,,,,,,,,,,,,,,,,,,,,,,,,,,,
D03-24,7/19/2019,Summer,10,21:46:49,Night,0:24:24,American black bear,Apex predator,Hypo-carnivore,1,,,,,,,,,,,,,,,,,,,,,,,,,,,,,,,,,,,,,,,,,,,,,,,,,,,,,,,,,,,,,,,,,,,,,,,,,,,,,,,,,
D03-24,7/20/2019,Summer,11,5:28:41,Morning,0:06:36,American black bear,Apex predator,Hypo-carnivore,1,,,,,,,,,,,,,,,,,,,,,,,,,,,,,,,,,,,,,,,,,,,,,,,,,,,,,,,,,,,,,,,,,,,,,,,,,,,,,,,,,
D03-24,7/20/2019,Summer,12,5:57:54,Morning,0:02:41,American black bear,Apex predator,Hypo-carnivore,1,,,,,,,,,,,,,,,,,,,,,,,,,,,,,,,,,,,,,,,,,,,,,,,,,,,,,,,,,,,,,,,,,,,,,,,,,,,,,,,,,
D03-24,7/20/2019,Summer,13,14:41:58,Afternoon,0:20:04,American black bear,Apex predator,Hypo-carnivore,1,,,,,,,,,,,,,,,,,,,,,,,,,,,,,,,,,,,,,,,,,,,,,,,,,,,,,,,,,,,,,,,,,,,,,,,,,,,,,,,,,
D03-24,7/20/2019,Summer,14,15:22:45,Afternoon,0:09:05,American black bear,Apex predator,Hypo-carnivore,1,,,,,,,,,,,,,,,,,,,,,,,,,,,,,,,,,,,,,,,,,,,,,,,,,,,,,,,,,,,,,,,,,,,,,,,,,,,,,,,,,
D03-24,7/20/2019,Summer,15,16:15:42,Afternoon,0:00:16,American black bear,Apex predator,Hypo-carnivore,1,,,,,,,,,,,,,,,,,,,,,,,,,,,,,,,,,,,,,,,,,,,,,,,,,,,,,,,,,,,,,,,,,,,,,,,,,,,,,,,,,
D03-24,7/20/2019,Summer,16,16:36:22,Afternoon,0:10:24,American black bear,Apex predator,Hypo-carnivore,1,,,,,,,,,,,,,,,,,,,,,,,,,,,,,,,,,,,,,,,,,,,,,,,,,,,,,,,,,,,,,,,,,,,,,,,,,,,,,,,,,
D03-24,7/20/2019,Summer,17,17:24:17,Evening,0:00:21,American black bear,Apex predator,Hypo-carnivore,1,,,,,,,,,,,,,,,,,,,,,,,,,,,,,,,,,,,,,,,,,,,,,,,,,,,,,,,,,,,,,,,,,,,,,,,,,,,,,,,,,
D03-24,7/20/2019,Summer,18,17:45:18,Evening,0:00:01,American black bear,Apex predator,Hypo-carnivore,1,,,,,,,,,,,,,,,,,,,,,,,,,,,,,,,,,,,,,,,,,,,,,,,,,,,,,,,,,,,,,,,,,,,,,,,,,,,,,,,,,
D03-24,7/20/2019,Summer,19,18:16:03,Evening,0:04:31,American black bear,Apex predator,Hypo-carnivore,1,,,,,,,,,,,,,,,,,,,,,,,,,,,,,,,,,,,,,,,,,,,,,,,,,,,,,,,,,,,,,,,,,,,,,,,,,,,,,,,,,
D03-24,7/20/2019,Summer,20,18:31:41,Evening,0:12:57,American black bear,Apex predator,Hypo-carnivore,1,,,,,,,,,,,,,,,,,,,,,,,,,,,,,,,,,,,,,,,,,,,,,,,,,,,,,,,,,,,,,,,,,,,,,,,,,,,,,,,,,
D03-24,7/21/2019,Summer,21,4:10:00,Night,0:26:41,Coyote,Tertiary consumer,Meso-carnivore,1,,,,,,,,,,,,,,,,,,,,,,,,,,,,,,,,,,,,,,,,,,,,,,,,,,,,,,,,,,,,,,,,,,,,,,,,,,,,,,,,,
D03-24,7/21/2019,Summer,22,4:50:11,Night-Morning,0:11:09,Coyote,Tertiary consumer,Meso-carnivore,1,,,,,,,,,,,,,,,,,,,,,,,,,,,,,,,,,,,,,,,,,,,,,,,,,,,,,,,,,,,,,,,,,,,,,,,,,,,,,,,,,
D03-24,7/21/2019,Summer,23,7:38:53,Morning,1:14:34,American black bear,Apex predator,Hypo-carnivore,1,,,,,,,,,,,,,,,,,,,,,,,,,,,,,,,,,,,,,,,,,,,,,,,,,,,,,,,,,,,,,,,,,,,,,,,,,,,,,,,,,
D03-24,7/21/2019,Summer,24,21:11:37,Night,0:34:28,Coyote,Tertiary consumer,Meso-carnivore,1,,,,,,,,,,,,,,,,,,,,,,,,,,,,,,,,,,,,,,,,,,,,,,,,,,,,,,,,,,,,,,,,,,,,,,,,,,,,,,,,,
D03-24,7/22/2019,Summer,25,1:49:20,Night,0:11:06,Coyote,Tertiary consumer,Meso-carnivore,1,,,,,,,,,,,,,,,,,,,,,,,,,,,,,,,,,,,,,,,,,,,,,,,,,,,,,,,,,,,,,,,,,,,,,,,,,,,,,,,,,
D03-24,7/22/2019,Summer,26,2:33:39,Night,0:13:07,Coyote,Tertiary consumer,Meso-carnivore,1,,,,,,,,,,,,,,,,,,,,,,,,,,,,,,,,,,,,,,,,,,,,,,,,,,,,,,,,,,,,,,,,,,,,,,,,,,,,,,,,,
D03-24,7/22/2019,Summer,27,9:23:45,Morning,0:10:27,Coyote,Tertiary consumer,Meso-carnivore,1,,,,,,,,,,,,,,,,,,,,,,,,,,,,,,,,,,,,,,,,,,,,,,,,,,,,,,,,,,,,,,,,,,,,,,,,,,,,,,,,,
D03-24,7/22/2019,Summer,28,13:31:32,Afternoon,0:02:31,American black bear,Apex predator,Hypo-carnivore,1,,,,,,,,,,,,,,,,,,,,,,,,,,,,,,,,,,,,,,,,,,,,,,,,,,,,,,,,,,,,,,,,,,,,,,,,,,,,,,,,,
D03-24,7/22/2019,Summer,29,20:04:50,Evening,0:13:40,American black bear,Apex predator,Hypo-carnivore,1,,,,,,,,,,,,,,,,,,,,,,,,,,,,,,,,,,,,,,,,,,,,,,,,,,,,,,,,,,,,,,,,,,,,,,,,,,,,,,,,,
D03-24,7/23/2019,Summer,30,9:06:09,Morning,0:08:01,Coyote,Tertiary consumer,Meso-carnivore,1,,,,,,,,,,,,,,,,,,,,,,,,,,,,,,,,,,,,,,,,,,,,,,,,,,,,,,,,,,,,,,,,,,,,,,,,,,,,,,,,,
D03-24,7/23/2019,Summer,31,16:12:29,Afternoon,0:22:02,American black bear,Apex predator,Hypo-carnivore,1,,,,,,,,,,,,,,,,,,,,,,,,,,,,,,,,,,,,,,,,,,,,,,,,,,,,,,,,,,,,,,,,,,,,,,,,,,,,,,,,,
D03-24,7/24/2019,Summer,32,12:36:04,Afternoon,0:03:49,Turkey vulture,Tertiary consumer,Scavenger,1,,,,,,,,,,,,,,,,,,,,,,,,,,,,,,,,,,,,,,,,,,,,,,,,,,,,,,,,,,,,,,,,,,,,,,,,,,,,,,,,,
D03-24,7/24/2019,Summer,33,13:08:09,Afternoon,0:00:01,Turkey vulture,Tertiary consumer,Scavenger,2,,,,,,,,,,,,,,,,,,,,,,,,,,,,,,,,,,,,,,,,,,,,,,,,,,,,,,,,,,,,,,,,,,,,,,,,,,,,,,,,,
D03-24,7/24/2019,Summer,34,13:47:40,Afternoon,0:02:22,Turkey vulture,Tertiary consumer,Scavenger,1,,,,,,,,,,,,,,,,,,,,,,,,,,,,,,,,,,,,,,,,,,,,,,,,,,,,,,,,,,,,,,,,,,,,,,,,,,,,,,,,,
D03-24,7/24/2019,Summer,35,17:29:11,Evening,0:29:20,Coyote,Tertiary consumer,Meso-carnivore,1,,,,,,,,,,,,,,,,,,,,,,,,,,,,,,,,,,,,,,,,,,,,,,,,,,,,,,,,,,,,,,,,,,,,,,,,,,,,,,,,,
D03-24,7/25/2019,Summer,36,13:03:47,Afternoon,0:05:35,American black bear,Apex predator,Hypo-carnivore,3,,,,,,,,,,,,,,,,,,,,,,,,,,,,,,,,,,,,,,,,,,,,,,,,,,,,,,,,,,,,,,,,,,,,,,,,,,,,,,,,,
D03-24,7/30/2019,Summer,37,10:46:43,Morning,0:02:44,Coyote,Tertiary consumer,Meso-carnivore,1,,,,,,,,,,,,,,,,,,,,,,,,,,,,,,,,,,,,,,,,,,,,,,,,,,,,,,,,,,,,,,,,,,,,,,,,,,,,,,,,,
D03-24,7/30/2019,Summer,38,19:18:02,Evening,0:00:01,Eastern gray squirrel,Primary consumer,Omnivore,1,,,,,,,,,,,,,,,,,,,,,,,,,,,,,,,,,,,,,,,,,,,,,,,,,,,,,,,,,,,,,,,,,,,,,,,,,,,,,,,,,
D03-24,8/1/2019,Summer,39,22:49:01,Night,0:04:20,Opossum,Secondary consumer,Omnivore,1,,,,,,,,,,,,,,,,,,,,,,,,,,,,,,,,,,,,,,,,,,,,,,,,,,,,,,,,,,,,,,,,,,,,,,,,,,,,,,,,,
D03-24,8/5/2019,Summer,40,17:23:13,Evening,0:14:01,American black bear,Apex predator,Hypo-carnivore,1,,,,,,,,,,,,,,,,,,,,,,,,,,,,,,,,,,,,,,,,,,,,,,,,,,,,,,,,,,,,,,,,,,,,,,,,,,,,,,,,,
D03-24,8/8/2019,Summer,41,18:12:09,Evening,0:00:01,Eastern gray squirrel,Primary consumer,Omnivore,1,,,,,,,,,,,,,,,,,,,,,,,,,,,,,,,,,,,,,,,,,,,,,,,,,,,,,,,,,,,,,,,,,,,,,,,,,,,,,,,,,
D03-24,8/9/2019,Summer,42,1:19:10,Night,0:00:01,Raccoon,Secondary consumer,Omnivore,1,,,,,,,,,,,,,,,,,,,,,,,,,,,,,,,,,,,,,,,,,,,,,,,,,,,,,,,,,,,,,,,,,,,,,,,,,,,,,,,,,
D03-24,8/9/2019,Summer,43,4:17:01,Night,0:04:31,Opossum,Secondary consumer,Omnivore,1,,,,,,,,,,,,,,,,,,,,,,,,,,,,,,,,,,,,,,,,,,,,,,,,,,,,,,,,,,,,,,,,,,,,,,,,,,,,,,,,,
D03-24,8/9/2019,Summer,44,5:25:17,Morning,0:02:50,Opossum,Secondary consumer,Omnivore,1,,,,,,,,,,,,,,,,,,,,,,,,,,,,,,,,,,,,,,,,,,,,,,,,,,,,,,,,,,,,,,,,,,,,,,,,,,,,,,,,,
D03-24,8/9/2019,Summer,45,7:39:36,Morning,0:09:48,American black bear,Apex predator,Hypo-carnivore,1,,,,,,,,,,,,,,,,,,,,,,,,,,,,,,,,,,,,,,,,,,,,,,,,,,,,,,,,,,,,,,,,,,,,,,,,,,,,,,,,,
D03-24,8/11/2019,Summer,46,20:42:01,Evening,0:09:02,American black bear,Apex predator,Hypo-carnivore,2,,,,,,,,,,,,,,,,,,,,,,,,,,,,,,,,,,,,,,,,,,,,,,,,,,,,,,,,,,,,,,,,,,,,,,,,,,,,,,,,,
D03-24,8/12/2019,Summer,47,4:34:54,Night,0:02:22,Opossum,Secondary consumer,Omnivore,1,,,,,,,,,,,,,,,,,,,,,,,,,,,,,,,,,,,,,,,,,,,,,,,,,,,,,,,,,,,,,,,,,,,,,,,,,,,,,,,,,
D03-24,8/14/2019,Summer,48,22:10:59,Night,0:03:23,Opossum,Secondary consumer,Omnivore,1,,,,,,,,,,,,,,,,,,,,,,,,,,,,,,,,,,,,,,,,,,,,,,,,,,,,,,,,,,,,,,,,,,,,,,,,,,,,,,,,,
D03-24,8/16/2019,Summer,49,15:00:22,Afternoon,0:00:01,Bird spp,Primary consumer,Omnivore,2,,,,,,,,,,,,,,,,,,,,,,,,,,,,,,,,,,,,,,,,,,,,,,,,,,,,,,,,,,,,,,,,,,,,,,,,,,,,,,,,,
D03-24,8/16/2019,Summer,50,15:17:57,Afternoon,0:00:01,Bird spp,Primary consumer,Omnivore,2,,,,,,,,,,,,,,,,,,,,,,,,,,,,,,,,,,,,,,,,,,,,,,,,,,,,,,,,,,,,,,,,,,,,,,,,,,,,,,,,,
D03-24,8/16/2019,Summer,51,19:31:09,Evening,0:03:49,Bird spp,Primary consumer,Omnivore,1,,,,,,,,,,,,,,,,,,,,,,,,,,,,,,,,,,,,,,,,,,,,,,,,,,,,,,,,,,,,,,,,,,,,,,,,,,,,,,,,,
D03-24,8/17/2019,Summer,52,12:27:16,Afternoon,0:09:10,White-tailed deer,Primary consumer,Herbivore,1,,,,,,,,,,,,,,,,,,,,,,,,,,,,,,,,,,,,,,,,,,,,,,,,,,,,,,,,,,,,,,,,,,,,,,,,,,,,,,,,,
D03-24,8/17/2019,Summer,53,20:07:50,Evening,0:08:19,American black bear,Apex predator,Hypo-carnivore,1,,,,,,,,,,,,,,,,,,,,,,,,,,,,,,,,,,,,,,,,,,,,,,,,,,,,,,,,,,,,,,,,,,,,,,,,,,,,,,,,,
D03-24,8/18/2019,Summer,54,1:48:39,Night,0:00:17,Opossum,Secondary consumer,Omnivore,1,,,,,,,,,,,,,,,,,,,,,,,,,,,,,,,,,,,,,,,,,,,,,,,,,,,,,,,,,,,,,,,,,,,,,,,,,,,,,,,,,
D03-24,8/21/2019,Summer,55,18:56:43,Evening,0:00:01,Bird spp,Primary consumer,Omnivore,1,,,,,,,,,,,,,,,,,,,,,,,,,,,,,,,,,,,,,,,,,,,,,,,,,,,,,,,,,,,,,,,,,,,,,,,,,,,,,,,,,
D03-24,8/21/2019,Summer,56,19:12:24,Evening,0:00:01,Bird spp,Primary consumer,Omnivore,1,,,,,,,,,,,,,,,,,,,,,,,,,,,,,,,,,,,,,,,,,,,,,,,,,,,,,,,,,,,,,,,,,,,,,,,,,,,,,,,,,
D03-24,8/21/2019,Summer,57,19:22:37,Evening,0:04:37,Bird spp,Primary consumer,Omnivore,1,,,,,,,,,,,,,,,,,,,,,,,,,,,,,,,,,,,,,,,,,,,,,,,,,,,,,,,,,,,,,,,,,,,,,,,,,,,,,,,,,
D03-24,8/24/2019,Summer,58,7:53:30,Morning,0:00:36,Bird spp,Primary consumer,Omnivore,5,,,,,,,,,,,,,,,,,,,,,,,,,,,,,,,,,,,,,,,,,,,,,,,,,,,,,,,,,,,,,,,,,,,,,,,,,,,,,,,,,
D03-24,8/24/2019,Summer,59,11:10:21,Morning,0:00:01,Bird spp,Primary consumer,Omnivore,1,,,,,,,,,,,,,,,,,,,,,,,,,,,,,,,,,,,,,,,,,,,,,,,,,,,,,,,,,,,,,,,,,,,,,,,,,,,,,,,,,
D03-24,8/24/2019,Summer,60,11:28:48,Morning,0:00:01,Bird spp,Primary consumer,Omnivore,1,,,,,,,,,,,,,,,,,,,,,,,,,,,,,,,,,,,,,,,,,,,,,,,,,,,,,,,,,,,,,,,,,,,,,,,,,,,,,,,,,
D03-24,8/27/2019,Summer,61,20:03:26,Evening,0:05:14,American black bear,Apex predator,Hypo-carnivore,1,,,,,,,,,,,,,,,,,,,,,,,,,,,,,,,,,,,,,,,,,,,,,,,,,,,,,,,,,,,,,,,,,,,,,,,,,,,,,,,,,
D03-24,8/31/2019,Summer,62,8:37:31,Morning,0:18:36,American black bear,Apex predator,Hypo-carnivore,1,,,,,,,,,,,,,,,,,,,,,,,,,,,,,,,,,,,,,,,,,,,,,,,,,,,,,,,,,,,,,,,,,,,,,,,,,,,,,,,,,
D03-24,8/31/2019,Summer,63,9:58:28,Morning,0:04:53,American black bear,Apex predator,Hypo-carnivore,1,,,,,,,,,,,,,,,,,,,,,,,,,,,,,,,,,,,,,,,,,,,,,,,,,,,,,,,,,,,,,,,,,,,,,,,,,,,,,,,,,
D03-24,9/2/2019,Fall,64,8:00:10,Morning,0:11:01,American black bear,Apex predator,Hypo-carnivore,1,,,,,,,,,,,,,,,,,,,,,,,,,,,,,,,,,,,,,,,,,,,,,,,,,,,,,,,,,,,,,,,,,,,,,,,,,,,,,,,,,
D03-24,9/4/2019,Fall,65,8:36:22,Morning,0:01:31,White-tailed deer,Primary consumer,Herbivore,1,,,,,,,,,,,,,,,,,,,,,,,,,,,,,,,,,,,,,,,,,,,,,,,,,,,,,,,,,,,,,,,,,,,,,,,,,,,,,,,,,
D03-24,9/4/2019,Fall,66,10:28:46,Morning,0:00:45,Bird spp,Primary consumer,Omnivore,1,,,,,,,,,,,,,,,,,,,,,,,,,,,,,,,,,,,,,,,,,,,,,,,,,,,,,,,,,,,,,,,,,,,,,,,,,,,,,,,,,
D03-24,9/4/2019,Fall,67,11:33:26,Morning,0:02:45,Eastern gray squirrel,Primary consumer,Omnivore,1,,,,,,,,,,,,,,,,,,,,,,,,,,,,,,,,,,,,,,,,,,,,,,,,,,,,,,,,,,,,,,,,,,,,,,,,,,,,,,,,,
D03-24,9/6/2019,Fall,70,5:45:56,Morning,0:00:01,Eastern cottontail,Primary consumer,Omnivore,1,,,,,,,,,,,,,,,,,,,,,,,,,,,,,,,,,,,,,,,,,,,,,,,,,,,,,,,,,,,,,,,,,,,,,,,,,,,,,,,,,
D03-24,9/6/2019,Fall,71,9:32:39,Morning,0:02:54,Eastern gray squirrel,Primary consumer,Omnivore,1,,,,,,,,,,,,,,,,,,,,,,,,,,,,,,,,,,,,,,,,,,,,,,,,,,,,,,,,,,,,,,,,,,,,,,,,,,,,,,,,,
D03-24,9/6/2019,Fall,72,18:55:35,Evening,0:03:02,Coyote,Tertiary consumer,Meso-carnivore,1,,,,,,,,,,,,,,,,,,,,,,,,,,,,,,,,,,,,,,,,,,,,,,,,,,,,,,,,,,,,,,,,,,,,,,,,,,,,,,,,,
D03-24,9/6/2019,Fall,73,20:40:26,Evening,0:00:01,Eastern cottontail,Primary consumer,Herbivore,1,,,,,,,,,,,,,,,,,,,,,,,,,,,,,,,,,,,,,,,,,,,,,,,,,,,,,,,,,,,,,,,,,,,,,,,,,,,,,,,,,
D03-24,9/7/2019,Fall,74,4:48:25,Night,0:00:01,Mouse,Primary consumer,Omnivore,1,,,,,,,,,,,,,,,,,,,,,,,,,,,,,,,,,,,,,,,,,,,,,,,,,,,,,,,,,,,,,,,,,,,,,,,,,,,,,,,,,
D03-24,9/7/2019,Fall,75,17:28:06,Evening,0:00:01,American black bear,Apex predator,Hypo-carnivore,1,,,,,,,,,,,,,,,,,,,,,,,,,,,,,,,,,,,,,,,,,,,,,,,,,,,,,,,,,,,,,,,,,,,,,,,,,,,,,,,,,
D03-24,9/9/2019,Fall,76,19:55:13,Evening,0:17:37,American black bear,Apex predator,Hypo-carnivore,1,,,,,,,,,,,,,,,,,,,,,,,,,,,,,,,,,,,,,,,,,,,,,,,,,,,,,,,,,,,,,,,,,,,,,,,,,,,,,,,,,
D03-24,9/10/2019,Fall,77,21:14:52,Night,0:04:34,American black bear,Apex predator,Hypo-carnivore,2,,,,,,,,,,,,,,,,,,,,,,,,,,,,,,,,,,,,,,,,,,,,,,,,,,,,,,,,,,,,,,,,,,,,,,,,,,,,,,,,,
D03-24,9/11/2019,Fall,78,2:07:58,Night,0:00:18,Eastern cottontail,Apex predator,Omnivore,1,,,,,,,,,,,,,,,,,,,,,,,,,,,,,,,,,,,,,,,,,,,,,,,,,,,,,,,,,,,,,,,,,,,,,,,,,,,,,,,,,
D03-24,9/11/2019,Fall,79,10:19:25,Morning,0:00:01,Bird spp,Apex predator,Omnivore,1,,,,,,,,,,,,,,,,,,,,,,,,,,,,,,,,,,,,,,,,,,,,,,,,,,,,,,,,,,,,,,,,,,,,,,,,,,,,,,,,,
D03-24,9/11/2019,Fall,80,18:41:59,Evening,0:03:29,American black bear,Apex predator,Hypo-carnivore,1,,,,,,,,,,,,,,,,,,,,,,,,,,,,,,,,,,,,,,,,,,,,,,,,,,,,,,,,,,,,,,,,,,,,,,,,,,,,,,,,,
D03-24,9/12/2019,Fall,81,8:09:39,Morning,0:00:30,Bird spp,Primary consumer,Omnivore,1,,,,,,,,,,,,,,,,,,,,,,,,,,,,,,,,,,,,,,,,,,,,,,,,,,,,,,,,,,,,,,,,,,,,,,,,,,,,,,,,,
D03-24,9/12/2019,Fall,82,11:59:02,Morning,0:00:01,White-tailed deer,Primary consumer,Herbivore,1,,,,,,,,,,,,,,,,,,,,,,,,,,,,,,,,,,,,,,,,,,,,,,,,,,,,,,,,,,,,,,,,,,,,,,,,,,,,,,,,,
D03-24,9/13/2019,Fall,83,7:55:36,Morning,0:02:34,Coyote,Tertiary consumer,Meso-carnivore,1,,,,,,,,,,,,,,,,,,,,,,,,,,,,,,,,,,,,,,,,,,,,,,,,,,,,,,,,,,,,,,,,,,,,,,,,,,,,,,,,,
D03-24,9/15/2019,Fall,84,5:03:44,Morning,0:03:18,Opossum,Secondary consumer,Omnivore,1,,,,,,,,,,,,,,,,,,,,,,,,,,,,,,,,,,,,,,,,,,,,,,,,,,,,,,,,,,,,,,,,,,,,,,,,,,,,,,,,,
D03-24,9/16/2019,Fall,85,7:19:46,Morning,0:00:01,Coyote,Tertiary consumer,Meso-carnivore,1,,,,,,,,,,,,,,,,,,,,,,,,,,,,,,,,,,,,,,,,,,,,,,,,,,,,,,,,,,,,,,,,,,,,,,,,,,,,,,,,,
D03-24,9/19/2019,Fall,86,12:30:41,Afternoon,0:00:01,American black bear,Apex predator,Hypo-carnivore,1,,,,,,,,,,,,,,,,,,,,,,,,,,,,,,,,,,,,,,,,,,,,,,,,,,,,,,,,,,,,,,,,,,,,,,,,,,,,,,,,,
D03-24,9/21/2019,Fall,87,19:39:26,Evening,0:03:10,American black bear,Apex predator,Hypo-carnivore,1,,,,,,,,,,,,,,,,,,,,,,,,,,,,,,,,,,,,,,,,,,,,,,,,,,,,,,,,,,,,,,,,,,,,,,,,,,,,,,,,,
D03-24,9/22/2019,Fall,88,7:48:25,Morning,0:00:01,Bird spp,Primary consumer,Omnivore,1,,,,,,,,,,,,,,,,,,,,,,,,,,,,,,,,,,,,,,,,,,,,,,,,,,,,,,,,,,,,,,,,,,,,,,,,,,,,,,,,,
D03-24,9/23/2019,Fall,89,7:30:26,Morning,0:00:01,Coyote,Tertiary consumer,Meso-carnivore,1,,,,,,,,,,,,,,,,,,,,,,,,,,,,,,,,,,,,,,,,,,,,,,,,,,,,,,,,,,,,,,,,,,,,,,,,,,,,,,,,,
D03-24,9/23/2019,Fall,90,19:33:13,Evening,0:00:11,Coyote,Tertiary consumer,Meso-carnivore,1,,,,,,,,,,,,,,,,,,,,,,,,,,,,,,,,,,,,,,,,,,,,,,,,,,,,,,,,,,,,,,,,,,,,,,,,,,,,,,,,,
D03-24,9/23/2019,Fall,91,20:35:33,Evening,0:03:15,Opossum,Secondary consumer,Omnivore,1,,,,,,,,,,,,,,,,,,,,,,,,,,,,,,,,,,,,,,,,,,,,,,,,,,,,,,,,,,,,,,,,,,,,,,,,,,,,,,,,,
D03-24,9/25/2019,Fall,92,12:19:13,Afternoon,0:00:01,White-tailed deer,Primary consumer,Herbivore,1,,,,,,,,,,,,,,,,,,,,,,,,,,,,,,,,,,,,,,,,,,,,,,,,,,,,,,,,,,,,,,,,,,,,,,,,,,,,,,,,,
D03-24,9/25/2019,Fall,93,13:40:32,Afternoon,0:00:01,Bird spp,Primary consumer,Omnivore,1,,,,,,,,,,,,,,,,,,,,,,,,,,,,,,,,,,,,,,,,,,,,,,,,,,,,,,,,,,,,,,,,,,,,,,,,,,,,,,,,,
D03-24,9/26/2019,Fall,94,9:32:12,Morning,0:00:01,Bird spp,Primary consumer,Omnivore,1,,,,,,,,,,,,,,,,,,,,,,,,,,,,,,,,,,,,,,,,,,,,,,,,,,,,,,,,,,,,,,,,,,,,,,,,,,,,,,,,,
D06-05,11/14/2019,Fall,1,17:19:16,Evening,0:02:55,White-tailed deer,Primary consumer,Herbivore,1,,,,,,,,,,,,,,,,,,,,,,,,,,,,,,,,,,,,,,,,,,,,,,,,,,,,,,,,,,,,,,,,,,,,,,,,,,,,,,,,,
D06-05,11/15/2019,Fall,2,1:29:45,Night,0:00:41,White-tailed deer,Primary consumer,Herbivore,1,,,,,,,,,,,,,,,,,,,,,,,,,,,,,,,,,,,,,,,,,,,,,,,,,,,,,,,,,,,,,,,,,,,,,,,,,,,,,,,,,
D06-05,11/20/2019,Fall,3,0:49:49,Night,0:00:37,White-tailed deer,Primary consumer,Herbivore,1,,,,,,,,,,,,,,,,,,,,,,,,,,,,,,,,,,,,,,,,,,,,,,,,,,,,,,,,,,,,,,,,,,,,,,,,,,,,,,,,,
D06-05,11/21/2019,Fall,4,17:16:40,Evening,0:00:40,White-tailed deer,Primary consumer,Herbivore,1,,,,,,,,,,,,,,,,,,,,,,,,,,,,,,,,,,,,,,,,,,,,,,,,,,,,,,,,,,,,,,,,,,,,,,,,,,,,,,,,,
D06-05,11/21/2019,Fall,5,18:21:10,Evening,0:01:59,White-tailed deer,Primary consumer,Herbivore,1,,,,,,,,,,,,,,,,,,,,,,,,,,,,,,,,,,,,,,,,,,,,,,,,,,,,,,,,,,,,,,,,,,,,,,,,,,,,,,,,,
D06-05,11/22/2019,Fall,6,16:39:07,Afternoon,0:06:46,White-tailed deer,Primary consumer,Herbivore,1,,,,,,,,,,,,,,,,,,,,,,,,,,,,,,,,,,,,,,,,,,,,,,,,,,,,,,,,,,,,,,,,,,,,,,,,,,,,,,,,,
D06-05,11/25/2019,Fall,7,4:56:39,Night-Morning,0:05:17,Coyote,Tertiary consumer,Meso-carnivore,1,,,,,,,,,,,,,,,,,,,,,,,,,,,,,,,,,,,,,,,,,,,,,,,,,,,,,,,,,,,,,,,,,,,,,,,,,,,,,,,,,
D06-05,11/25/2019,Fall,8,8:55:40,Morning,0:00:01,American crow,Secondary consumer,Omnivore,1,,,,,,,,,,,,,,,,,,,,,,,,,,,,,,,,,,,,,,,,,,,,,,,,,,,,,,,,,,,,,,,,,,,,,,,,,,,,,,,,,
D06-05,11/27/2019,Fall,9,15:17:00,Afternoon,0:00:01,Red-tailed hawk,Tertiary consumer,Hyper-carnivore,1,,,,,,,,,,,,,,,,,,,,,,,,,,,,,,,,,,,,,,,,,,,,,,,,,,,,,,,,,,,,,,,,,,,,,,,,,,,,,,,,,
D06-05,11/27/2019,Fall,10,16:12:02,Afternoon,0:00:01,Red-tailed hawk,Tertiary consumer,Hyper-carnivore,1,,,,,,,,,,,,,,,,,,,,,,,,,,,,,,,,,,,,,,,,,,,,,,,,,,,,,,,,,,,,,,,,,,,,,,,,,,,,,,,,,
D06-05,11/28/2019,Fall,11,7:45:24,Morning,0:00:32,White-tailed deer,Primary consumer,Herbivore,1,,,,,,,,,,,,,,,,,,,,,,,,,,,,,,,,,,,,,,,,,,,,,,,,,,,,,,,,,,,,,,,,,,,,,,,,,,,,,,,,,
D06-05,11/28/2019,Fall,12,13:45:44,Afternoon,0:00:01,Red-tailed hawk,Tertiary consumer,Hyper-carnivore,1,,,,,,,,,,,,,,,,,,,,,,,,,,,,,,,,,,,,,,,,,,,,,,,,,,,,,,,,,,,,,,,,,,,,,,,,,,,,,,,,,
D06-05,12/2/2019,Winter,13,11:08:13,Morning,0:00:01,American crow,Secondary consumer,Omnivore,5,,,,,,,,,,,,,,,,,,,,,,,,,,,,,,,,,,,,,,,,,,,,,,,,,,,,,,,,,,,,,,,,,,,,,,,,,,,,,,,,,
D06-05,12/2/2019,Winter,14,11:36:25,Morning,0:00:01,American crow,Secondary consumer,Omnivore,5,,,,,,,,,,,,,,,,,,,,,,,,,,,,,,,,,,,,,,,,,,,,,,,,,,,,,,,,,,,,,,,,,,,,,,,,,,,,,,,,,
D06-05,12/2/2019,Winter,15,17:24:37,Evening,0:03:12,White-tailed deer,Primary consumer,Herbivore,1,,,,,,,,,,,,,,,,,,,,,,,,,,,,,,,,,,,,,,,,,,,,,,,,,,,,,,,,,,,,,,,,,,,,,,,,,,,,,,,,,
D06-05,12/3/2019,Winter,16,4:53:36,Night,0:04:12,Coyote,Tertiary consumer,Meso-carnivore,1,,,,,,,,,,,,,,,,,,,,,,,,,,,,,,,,,,,,,,,,,,,,,,,,,,,,,,,,,,,,,,,,,,,,,,,,,,,,,,,,,
D06-05,12/3/2019,Winter,17,21:48:39,Night,0:10:34,White-tailed deer,Primary consumer,Herbivore,1,,,,,,,,,,,,,,,,,,,,,,,,,,,,,,,,,,,,,,,,,,,,,,,,,,,,,,,,,,,,,,,,,,,,,,,,,,,,,,,,,
D06-05,12/4/2019,Winter,18,16:16:22,Afternoon,0:02:20,White-tailed deer,Primary consumer,Herbivore,2,,,,,,,,,,,,,,,,,,,,,,,,,,,,,,,,,,,,,,,,,,,,,,,,,,,,,,,,,,,,,,,,,,,,,,,,,,,,,,,,,
D06-05,12/7/2019,Winter,19,6:23:25,Morning,0:01:53,Coyote,Tertiary consumer,Meso-carnivore,1,,,,,,,,,,,,,,,,,,,,,,,,,,,,,,,,,,,,,,,,,,,,,,,,,,,,,,,,,,,,,,,,,,,,,,,,,,,,,,,,,
D06-05,12/7/2019,Winter,20,16:25:26,Afternoon,0:01:05,Turkey,Primary consumer,Omnivore,1,,,,,,,,,,,,,,,,,,,,,,,,,,,,,,,,,,,,,,,,,,,,,,,,,,,,,,,,,,,,,,,,,,,,,,,,,,,,,,,,,
D06-05,12/11/2019,Winter,21,6:34:04,Morning,0:00:01,Coyote,Tertiary consumer,Meso-carnivore,1,,,,,,,,,,,,,,,,,,,,,,,,,,,,,,,,,,,,,,,,,,,,,,,,,,,,,,,,,,,,,,,,,,,,,,,,,,,,,,,,,
D06-05,12/12/2019,Winter,22,10:11:51,Morning,0:00:01,Eastern gray squirrel,Primary consumer,Omnivore,1,,,,,,,,,,,,,,,,,,,,,,,,,,,,,,,,,,,,,,,,,,,,,,,,,,,,,,,,,,,,,,,,,,,,,,,,,,,,,,,,,
D06-05,12/12/2019,Winter,23,15:57:23,Afternoon,0:00:01,Opossum,Secondary consumer,Omnivore,1,,,,,,,,,,,,,,,,,,,,,,,,,,,,,,,,,,,,,,,,,,,,,,,,,,,,,,,,,,,,,,,,,,,,,,,,,,,,,,,,,
D06-05,12/12/2019,Winter,24,16:54:29,Afternoon,0:00:01,Bird spp,Primary consumer,Omnivore,1,,,,,,,,,,,,,,,,,,,,,,,,,,,,,,,,,,,,,,,,,,,,,,,,,,,,,,,,,,,,,,,,,,,,,,,,,,,,,,,,,
D06-05,12/12/2019,Winter,25,17:12:58,Evening,0:00:01,American black bear,Apex predator,Hypo-carnivore,1,,,,,,,,,,,,,,,,,,,,,,,,,,,,,,,,,,,,,,,,,,,,,,,,,,,,,,,,,,,,,,,,,,,,,,,,,,,,,,,,,
D06-05,12/12/2019,Winter,26,17:18:04,Evening,0:01:04,Red-tailed hawk,Tertiary consumer,Hyper-carnivore,1,,,,,,,,,,,,,,,,,,,,,,,,,,,,,,,,,,,,,,,,,,,,,,,,,,,,,,,,,,,,,,,,,,,,,,,,,,,,,,,,,
D06-05,12/12/2019,Winter,27,18:05:07,Evening,0:00:15,Red-tailed hawk,Tertiary consumer,Hyper-carnivore,1,,,,,,,,,,,,,,,,,,,,,,,,,,,,,,,,,,,,,,,,,,,,,,,,,,,,,,,,,,,,,,,,,,,,,,,,,,,,,,,,,
D06-05,12/12/2019,Winter,28,19:54:05,Evening,0:11:55,Coyote,Tertiary consumer,Meso-carnivore,2,,,,,,,,,,,,,,,,,,,,,,,,,,,,,,,,,,,,,,,,,,,,,,,,,,,,,,,,,,,,,,,,,,,,,,,,,,,,,,,,,
D06-05,12/13/2019,Winter,29,0:10:33,Night,1:03:54,Coyote,Tertiary consumer,Meso-carnivore,2,,,,,,,,,,,,,,,,,,,,,,,,,,,,,,,,,,,,,,,,,,,,,,,,,,,,,,,,,,,,,,,,,,,,,,,,,,,,,,,,,
D06-05,12/13/2019,Winter,30,2:37:52,Night,0:03:44,Bird spp,Primary consumer,Omnivore,1,,,,,,,,,,,,,,,,,,,,,,,,,,,,,,,,,,,,,,,,,,,,,,,,,,,,,,,,,,,,,,,,,,,,,,,,,,,,,,,,,
D06-05,12/13/2019,Winter,31,4:13:10,Night,0:24:40,Coyote,Tertiary consumer,Meso-carnivore,1,,,,,,,,,,,,,,,,,,,,,,,,,,,,,,,,,,,,,,,,,,,,,,,,,,,,,,,,,,,,,,,,,,,,,,,,,,,,,,,,,
D06-05,12/13/2019,Winter,32,5:12:42,Morning,0:00:01,Coyote,Tertiary consumer,Meso-carnivore,1,,,,,,,,,,,,,,,,,,,,,,,,,,,,,,,,,,,,,,,,,,,,,,,,,,,,,,,,,,,,,,,,,,,,,,,,,,,,,,,,,
D06-05,12/13/2019,Winter,33,5:39:33,Morning,0:20:21,Coyote,Tertiary consumer,Meso-carnivore,1,,,,,,,,,,,,,,,,,,,,,,,,,,,,,,,,,,,,,,,,,,,,,,,,,,,,,,,,,,,,,,,,,,,,,,,,,,,,,,,,,
D06-05,12/13/2019,Winter,34,6:31:30,Morning,0:06:27,Coyote,Tertiary consumer,Meso-carnivore,1,,,,,,,,,,,,,,,,,,,,,,,,,,,,,,,,,,,,,,,,,,,,,,,,,,,,,,,,,,,,,,,,,,,,,,,,,,,,,,,,,
D06-05,12/13/2019,Winter,35,7:05:38,Morning,0:00:50,Coyote,Tertiary consumer,Meso-carnivore,1,,,,,,,,,,,,,,,,,,,,,,,,,,,,,,,,,,,,,,,,,,,,,,,,,,,,,,,,,,,,,,,,,,,,,,,,,,,,,,,,,
D06-05,12/13/2019,Winter,36,17:18:38,Evening,0:00:01,Opossum,Secondary consumer,Omnivore,1,,,,,,,,,,,,,,,,,,,,,,,,,,,,,,,,,,,,,,,,,,,,,,,,,,,,,,,,,,,,,,,,,,,,,,,,,,,,,,,,,
D06-05,12/13/2019,Winter,37,17:38:13,Evening,0:01:40,Coyote,Tertiary consumer,Meso-carnivore,1,,,,,,,,,,,,,,,,,,,,,,,,,,,,,,,,,,,,,,,,,,,,,,,,,,,,,,,,,,,,,,,,,,,,,,,,,,,,,,,,,
D06-05,12/13/2019,Winter,38,19:53:42,Evening,0:02:01,Coyote,Tertiary consumer,Meso-carnivore,1,,,,,,,,,,,,,,,,,,,,,,,,,,,,,,,,,,,,,,,,,,,,,,,,,,,,,,,,,,,,,,,,,,,,,,,,,,,,,,,,,
D06-05,12/14/2019,Winter,39,3:33:04,Morning,0:02:47,Coyote,Tertiary consumer,Meso-carnivore,1,,,,,,,,,,,,,,,,,,,,,,,,,,,,,,,,,,,,,,,,,,,,,,,,,,,,,,,,,,,,,,,,,,,,,,,,,,,,,,,,,
D06-05,12/14/2019,Winter,40,12:15:25,Afternoon,0:00:01,Coyote,Tertiary consumer,Meso-carnivore,1,,,,,,,,,,,,,,,,,,,,,,,,,,,,,,,,,,,,,,,,,,,,,,,,,,,,,,,,,,,,,,,,,,,,,,,,,,,,,,,,,
D06-05,12/14/2019,Winter,41,12:27:44,Afternoon,0:02:19,Coyote,Tertiary consumer,Meso-carnivore,1,,,,,,,,,,,,,,,,,,,,,,,,,,,,,,,,,,,,,,,,,,,,,,,,,,,,,,,,,,,,,,,,,,,,,,,,,,,,,,,,,
D06-05,12/14/2019,Winter,42,19:56:11,Evening,0:03:09,Coyote,Tertiary consumer,Meso-carnivore,1,,,,,,,,,,,,,,,,,,,,,,,,,,,,,,,,,,,,,,,,,,,,,,,,,,,,,,,,,,,,,,,,,,,,,,,,,,,,,,,,,
D06-05,12/15/2019,Winter,43,1:25:44,Morning,0:13:44,Coyote,Tertiary consumer,Meso-carnivore,1,,,,,,,,,,,,,,,,,,,,,,,,,,,,,,,,,,,,,,,,,,,,,,,,,,,,,,,,,,,,,,,,,,,,,,,,,,,,,,,,,
D06-05,12/15/2019,Winter,44,4:22:42,Morning,0:00:01,Coyote,Tertiary consumer,Meso-carnivore,1,,,,,,,,,,,,,,,,,,,,,,,,,,,,,,,,,,,,,,,,,,,,,,,,,,,,,,,,,,,,,,,,,,,,,,,,,,,,,,,,,
D06-05,12/15/2019,Winter,45,6:18:00,Morning,0:03:14,Coyote,Tertiary consumer,Meso-carnivore,1,,,,,,,,,,,,,,,,,,,,,,,,,,,,,,,,,,,,,,,,,,,,,,,,,,,,,,,,,,,,,,,,,,,,,,,,,,,,,,,,,
D06-05,12/15/2019,Winter,46,8:42:35,Morning,0:00:01,Red-tailed hawk,Tertiary consumer,Hyper-carnivore,1,,,,,,,,,,,,,,,,,,,,,,,,,,,,,,,,,,,,,,,,,,,,,,,,,,,,,,,,,,,,,,,,,,,,,,,,,,,,,,,,,
D06-05,12/15/2019,Winter,47,11:19:08,Morning,0:00:01,Red-tailed hawk,Tertiary consumer,Hyper-carnivore,1,,,,,,,,,,,,,,,,,,,,,,,,,,,,,,,,,,,,,,,,,,,,,,,,,,,,,,,,,,,,,,,,,,,,,,,,,,,,,,,,,
D06-05,12/15/2019,Winter,48,13:11:36,Afternoon,0:00:01,Turkey vulture,Tertiary consumer,Scavenger,3,,,,,,,,,,,,,,,,,,,,,,,,,,,,,,,,,,,,,,,,,,,,,,,,,,,,,,,,,,,,,,,,,,,,,,,,,,,,,,,,,
D06-05,12/15/2019,Winter,49,13:33:05,Afternoon,0:00:01,Turkey vulture,Tertiary consumer,Scavenger,1,,,,,,,,,,,,,,,,,,,,,,,,,,,,,,,,,,,,,,,,,,,,,,,,,,,,,,,,,,,,,,,,,,,,,,,,,,,,,,,,,
D06-05,12/15/2019,Winter,50,14:16:17,Afternoon,0:00:01,Turkey vulture,Tertiary consumer,Scavenger,1,,,,,,,,,,,,,,,,,,,,,,,,,,,,,,,,,,,,,,,,,,,,,,,,,,,,,,,,,,,,,,,,,,,,,,,,,,,,,,,,,
D06-05,12/15/2019,Winter,51,15:35:10,Afternoon,0:00:01,Turkey vulture,Tertiary consumer,Scavenger,3,,,,,,,,,,,,,,,,,,,,,,,,,,,,,,,,,,,,,,,,,,,,,,,,,,,,,,,,,,,,,,,,,,,,,,,,,,,,,,,,,
D06-05,12/15/2019,Winter,52,18:12:40,Evening,0:29:59,Coyote,Tertiary consumer,Meso-carnivore,1,,,,,,,,,,,,,,,,,,,,,,,,,,,,,,,,,,,,,,,,,,,,,,,,,,,,,,,,,,,,,,,,,,,,,,,,,,,,,,,,,
D06-05,12/15/2019,Winter,53,20:43:45,Evening,0:00:01,Bird spp,Primary consumer,Omnivore,1,,,,,,,,,,,,,,,,,,,,,,,,,,,,,,,,,,,,,,,,,,,,,,,,,,,,,,,,,,,,,,,,,,,,,,,,,,,,,,,,,
D06-05,12/15/2019,Winter,54,21:59:56,Night,0:02:16,Red fox,Secondary consumer,Omnivore,1,,,,,,,,,,,,,,,,,,,,,,,,,,,,,,,,,,,,,,,,,,,,,,,,,,,,,,,,,,,,,,,,,,,,,,,,,,,,,,,,,
D06-05,12/15/2019,Winter,55,22:18:12,Night,0:32:15,Coyote,Tertiary consumer,Meso-carnivore,1,,,,,,,,,,,,,,,,,,,,,,,,,,,,,,,,,,,,,,,,,,,,,,,,,,,,,,,,,,,,,,,,,,,,,,,,,,,,,,,,,
D06-05,12/16/2019,Winter,56,1:21:55,Night,0:01:56,Coyote,Tertiary consumer,Meso-carnivore,1,,,,,,,,,,,,,,,,,,,,,,,,,,,,,,,,,,,,,,,,,,,,,,,,,,,,,,,,,,,,,,,,,,,,,,,,,,,,,,,,,
D06-05,12/16/2019,Winter,57,5:36:51,Night,0:00:01,Bird spp,Primary consumer,Omnivore,1,,,,,,,,,,,,,,,,,,,,,,,,,,,,,,,,,,,,,,,,,,,,,,,,,,,,,,,,,,,,,,,,,,,,,,,,,,,,,,,,,
D06-05,12/16/2019,Winter,58,5:56:52,Night,0:00:01,Bird spp,Primary consumer,Omnivore,1,,,,,,,,,,,,,,,,,,,,,,,,,,,,,,,,,,,,,,,,,,,,,,,,,,,,,,,,,,,,,,,,,,,,,,,,,,,,,,,,,
D06-05,12/16/2019,Winter,59,7:08:33,Night,0:00:40,Coyote,Tertiary consumer,Meso-carnivore,1,,,,,,,,,,,,,,,,,,,,,,,,,,,,,,,,,,,,,,,,,,,,,,,,,,,,,,,,,,,,,,,,,,,,,,,,,,,,,,,,,
D06-05,12/16/2019,Winter,60,8:59:19,Night,0:00:01,American crow,Secondary consumer,Omnivore,3,,,,,,,,,,,,,,,,,,,,,,,,,,,,,,,,,,,,,,,,,,,,,,,,,,,,,,,,,,,,,,,,,,,,,,,,,,,,,,,,,
D06-05,12/16/2019,Winter,61,13:35:46,Afternoon,0:00:01,Red-tailed hawk,Tertiary consumer,Hyper-carnivore,1,,,,,,,,,,,,,,,,,,,,,,,,,,,,,,,,,,,,,,,,,,,,,,,,,,,,,,,,,,,,,,,,,,,,,,,,,,,,,,,,,
D06-05,12/16/2019,Winter,62,17:13:37,Evening,0:00:01,Bird spp,Primary consumer,Omnivore,1,,,,,,,,,,,,,,,,,,,,,,,,,,,,,,,,,,,,,,,,,,,,,,,,,,,,,,,,,,,,,,,,,,,,,,,,,,,,,,,,,
D06-05,12/16/2019,Winter,63,17:59:39,Evening,0:00:01,Bird spp,Primary consumer,Omnivore,1,,,,,,,,,,,,,,,,,,,,,,,,,,,,,,,,,,,,,,,,,,,,,,,,,,,,,,,,,,,,,,,,,,,,,,,,,,,,,,,,,
D06-05,12/16/2019,Winter,64,18:40:31,Evening,0:31:13,Coyote,Tertiary consumer,Meso-carnivore,1,,,,,,,,,,,,,,,,,,,,,,,,,,,,,,,,,,,,,,,,,,,,,,,,,,,,,,,,,,,,,,,,,,,,,,,,,,,,,,,,,
D06-05,12/17/2019,Winter,65,1:01:57,Night,0:09:31,Bird spp,Primary consumer,Omnivore,1,,,,,,,,,,,,,,,,,,,,,,,,,,,,,,,,,,,,,,,,,,,,,,,,,,,,,,,,,,,,,,,,,,,,,,,,,,,,,,,,,
D06-05,12/17/2019,Winter,66,4:39:38,Night,0:00:01,Bird spp,Primary consumer,Omnivore,1,,,,,,,,,,,,,,,,,,,,,,,,,,,,,,,,,,,,,,,,,,,,,,,,,,,,,,,,,,,,,,,,,,,,,,,,,,,,,,,,,
D06-05,12/17/2019,Winter,67,4:52:26,Night,0:00:01,Bird spp,Primary consumer,Omnivore,1,,,,,,,,,,,,,,,,,,,,,,,,,,,,,,,,,,,,,,,,,,,,,,,,,,,,,,,,,,,,,,,,,,,,,,,,,,,,,,,,,
D06-05,12/17/2019,Winter,68,4:59:30,Night,0:19:47,Coyote,Tertiary consumer,Meso-carnivore,1,,,,,,,,,,,,,,,,,,,,,,,,,,,,,,,,,,,,,,,,,,,,,,,,,,,,,,,,,,,,,,,,,,,,,,,,,,,,,,,,,
D06-05,12/17/2019,Winter,69,5:20:21,Morning,0:00:01,Bird spp,Primary consumer,Omnivore,1,,,,,,,,,,,,,,,,,,,,,,,,,,,,,,,,,,,,,,,,,,,,,,,,,,,,,,,,,,,,,,,,,,,,,,,,,,,,,,,,,
D06-05,12/17/2019,Winter,70,6:52:19,Morning,0:00:01,Bird spp,Primary consumer,Omnivore,1,,,,,,,,,,,,,,,,,,,,,,,,,,,,,,,,,,,,,,,,,,,,,,,,,,,,,,,,,,,,,,,,,,,,,,,,,,,,,,,,,
D06-05,12/17/2019,Winter,71,9:24:49,Morning,0:00:01,American crow,Secondary consumer,Omnivore,2,,,,,,,,,,,,,,,,,,,,,,,,,,,,,,,,,,,,,,,,,,,,,,,,,,,,,,,,,,,,,,,,,,,,,,,,,,,,,,,,,
D06-05,12/17/2019,Winter,72,10:19:08,Morning,0:00:01,Red-tailed hawk,Tertiary consumer,Hyper-carnivore,1,,,,,,,,,,,,,,,,,,,,,,,,,,,,,,,,,,,,,,,,,,,,,,,,,,,,,,,,,,,,,,,,,,,,,,,,,,,,,,,,,
D06-05,12/17/2019,Winter,73,10:34:08,Morning,0:00:01,Red-tailed hawk,Tertiary consumer,Hyper-carnivore,1,,,,,,,,,,,,,,,,,,,,,,,,,,,,,,,,,,,,,,,,,,,,,,,,,,,,,,,,,,,,,,,,,,,,,,,,,,,,,,,,,
D06-05,12/17/2019,Winter,74,12:32:12,Afternoon,0:08:53,Red-tailed hawk,Tertiary consumer,Hyper-carnivore,1,,,,,,,,,,,,,,,,,,,,,,,,,,,,,,,,,,,,,,,,,,,,,,,,,,,,,,,,,,,,,,,,,,,,,,,,,,,,,,,,,
D06-05,12/17/2019,Winter,75,17:34:02,Evening,0:00:01,Bird spp,Primary consumer,Omnivore,1,,,,,,,,,,,,,,,,,,,,,,,,,,,,,,,,,,,,,,,,,,,,,,,,,,,,,,,,,,,,,,,,,,,,,,,,,,,,,,,,,
D06-05,12/17/2019,Winter,76,17:59:17,Evening,0:00:01,Bird spp,Primary consumer,Omnivore,1,,,,,,,,,,,,,,,,,,,,,,,,,,,,,,,,,,,,,,,,,,,,,,,,,,,,,,,,,,,,,,,,,,,,,,,,,,,,,,,,,
D06-05,12/17/2019,Winter,77,19:17:41,Night,0:29:40,Coyote,Tertiary consumer,Meso-carnivore,1,,,,,,,,,,,,,,,,,,,,,,,,,,,,,,,,,,,,,,,,,,,,,,,,,,,,,,,,,,,,,,,,,,,,,,,,,,,,,,,,,
D06-05,12/17/2019,Winter,78,23:10:36,Night,0:00:01,Bird spp,Primary consumer,Omnivore,1,,,,,,,,,,,,,,,,,,,,,,,,,,,,,,,,,,,,,,,,,,,,,,,,,,,,,,,,,,,,,,,,,,,,,,,,,,,,,,,,,
D06-05,12/17/2019,Winter,79,23:59:01,Night,0:00:01,Bird spp,Primary consumer,Omnivore,1,,,,,,,,,,,,,,,,,,,,,,,,,,,,,,,,,,,,,,,,,,,,,,,,,,,,,,,,,,,,,,,,,,,,,,,,,,,,,,,,,
D06-05,12/18/2019,Winter,80,1:50:12,Night,0:00:01,Bird spp,Primary consumer,Omnivore,1,,,,,,,,,,,,,,,,,,,,,,,,,,,,,,,,,,,,,,,,,,,,,,,,,,,,,,,,,,,,,,,,,,,,,,,,,,,,,,,,,
D06-05,12/18/2019,Winter,81,2:24:32,Night,0:00:01,Bird spp,Primary consumer,Omnivore,1,,,,,,,,,,,,,,,,,,,,,,,,,,,,,,,,,,,,,,,,,,,,,,,,,,,,,,,,,,,,,,,,,,,,,,,,,,,,,,,,,
D06-05,12/18/2019,Winter,82,4:32:58,Night,0:00:01,Bird spp,Primary consumer,Omnivore,1,,,,,,,,,,,,,,,,,,,,,,,,,,,,,,,,,,,,,,,,,,,,,,,,,,,,,,,,,,,,,,,,,,,,,,,,,,,,,,,,,
D06-05,12/18/2019,Winter,83,5:10:32,Morning,0:00:01,Bird spp,Primary consumer,Omnivore,1,,,,,,,,,,,,,,,,,,,,,,,,,,,,,,,,,,,,,,,,,,,,,,,,,,,,,,,,,,,,,,,,,,,,,,,,,,,,,,,,,
D06-05,12/18/2019,Winter,84,5:15:51,Morning,0:00:01,White-tailed deer,Primary consumer,Herbivore,1,,,,,,,,,,,,,,,,,,,,,,,,,,,,,,,,,,,,,,,,,,,,,,,,,,,,,,,,,,,,,,,,,,,,,,,,,,,,,,,,,
D06-05,12/18/2019,Winter,85,5:29:07,Morning,0:00:01,Bird spp,Primary consumer,Omnivore,1,,,,,,,,,,,,,,,,,,,,,,,,,,,,,,,,,,,,,,,,,,,,,,,,,,,,,,,,,,,,,,,,,,,,,,,,,,,,,,,,,
D06-05,12/18/2019,Winter,86,5:52:41,Morning,0:00:01,Bird spp,Primary consumer,Omnivore,1,,,,,,,,,,,,,,,,,,,,,,,,,,,,,,,,,,,,,,,,,,,,,,,,,,,,,,,,,,,,,,,,,,,,,,,,,,,,,,,,,
D06-05,12/18/2019,Winter,87,10:08:58,Morning,0:32:28,Coyote,Tertiary consumer,Meso-carnivore,1,,,,,,,,,,,,,,,,,,,,,,,,,,,,,,,,,,,,,,,,,,,,,,,,,,,,,,,,,,,,,,,,,,,,,,,,,,,,,,,,,
D06-05,12/18/2019,Winter,88,13:48:50,Afternoon,0:00:01,Turkey vulture,Tertiary consumer,Scavenger,1,,,,,,,,,,,,,,,,,,,,,,,,,,,,,,,,,,,,,,,,,,,,,,,,,,,,,,,,,,,,,,,,,,,,,,,,,,,,,,,,,
D06-05,12/18/2019,Winter,89,13:58:14,Afternoon,0:00:01,Turkey vulture,Tertiary consumer,Scavenger,1,,,,,,,,,,,,,,,,,,,,,,,,,,,,,,,,,,,,,,,,,,,,,,,,,,,,,,,,,,,,,,,,,,,,,,,,,,,,,,,,,
D06-05,12/18/2019,Winter,90,14:40:03,Afternoon,0:07:06,Turkey vulture,Tertiary consumer,Scavenger,1,,,,,,,,,,,,,,,,,,,,,,,,,,,,,,,,,,,,,,,,,,,,,,,,,,,,,,,,,,,,,,,,,,,,,,,,,,,,,,,,,
D06-05,12/18/2019,Winter,91,16:45:22,Afternoon,0:00:22,White-tailed deer,Primary consumer,Herbivore,1,,,,,,,,,,,,,,,,,,,,,,,,,,,,,,,,,,,,,,,,,,,,,,,,,,,,,,,,,,,,,,,,,,,,,,,,,,,,,,,,,
D06-05,12/18/2019,Winter,92,17:52:08,Evening,0:00:01,Bird spp,Primary consumer,Omnivore,1,,,,,,,,,,,,,,,,,,,,,,,,,,,,,,,,,,,,,,,,,,,,,,,,,,,,,,,,,,,,,,,,,,,,,,,,,,,,,,,,,
D06-05,12/19/2019,Winter,93,2:00:42,Night,0:03:59,Coyote,Tertiary consumer,Meso-carnivore,1,,,,,,,,,,,,,,,,,,,,,,,,,,,,,,,,,,,,,,,,,,,,,,,,,,,,,,,,,,,,,,,,,,,,,,,,,,,,,,,,,
D06-05,12/19/2019,Winter,94,2:19:16,Night,0:01:21,Coyote,Tertiary consumer,Meso-carnivore,1,,,,,,,,,,,,,,,,,,,,,,,,,,,,,,,,,,,,,,,,,,,,,,,,,,,,,,,,,,,,,,,,,,,,,,,,,,,,,,,,,
D06-05,12/20/2019,Winter,95,14:44:32,Afternoon,0:00:01,Coyote,Tertiary consumer,Meso-carnivore,1,,,,,,,,,,,,,,,,,,,,,,,,,,,,,,,,,,,,,,,,,,,,,,,,,,,,,,,,,,,,,,,,,,,,,,,,,,,,,,,,,
D06-05,12/21/2019,Winter,96,1:19:14,Night,0:00:01,Coyote,Tertiary consumer,Meso-carnivore,1,,,,,,,,,,,,,,,,,,,,,,,,,,,,,,,,,,,,,,,,,,,,,,,,,,,,,,,,,,,,,,,,,,,,,,,,,,,,,,,,,
D06-05,12/21/2019,Winter,97,10:30:18,Night,0:00:01,Coyote,Tertiary consumer,Meso-carnivore,1,,,,,,,,,,,,,,,,,,,,,,,,,,,,,,,,,,,,,,,,,,,,,,,,,,,,,,,,,,,,,,,,,,,,,,,,,,,,,,,,,
D06-05,12/22/2019,Winter,98,16:44:05,Afternoon,0:00:01,American black bear,Apex predator,Hypo-carnivore,1,,,,,,,,,,,,,,,,,,,,,,,,,,,,,,,,,,,,,,,,,,,,,,,,,,,,,,,,,,,,,,,,,,,,,,,,,,,,,,,,,
D06-05,12/25/2019,Winter,99,10:25:01,Morning,0:00:01,White-tailed deer,Primary consumer,Herbivore,1,,,,,,,,,,,,,,,,,,,,,,,,,,,,,,,,,,,,,,,,,,,,,,,,,,,,,,,,,,,,,,,,,,,,,,,,,,,,,,,,,
D06-05,12/28/2019,Winter,100,6:32:32,Morning,0:00:58,White-tailed deer,Primary consumer,Herbivore,1,,,,,,,,,,,,,,,,,,,,,,,,,,,,,,,,,,,,,,,,,,,,,,,,,,,,,,,,,,,,,,,,,,,,,,,,,,,,,,,,,
D06-05,12/29/2019,Winter,101,2:55:40,Morning,0:01:25,Coyote,Tertiary consumer,Meso-carnivore,1,,,,,,,,,,,,,,,,,,,,,,,,,,,,,,,,,,,,,,,,,,,,,,,,,,,,,,,,,,,,,,,,,,,,,,,,,,,,,,,,,
D06-05,1/14/2020,Winter,102,23:55:54,Night,0:00:01,Coyote,Tertiary consumer,Meso-carnivore,1,,,,,,,,,,,,,,,,,,,,,,,,,,,,,,,,,,,,,,,,,,,,,,,,,,,,,,,,,,,,,,,,,,,,,,,,,,,,,,,,,
D03-07,11/22/2019,Fall,1,16:33:10,Afternoon,0:00:13,Eastern gray squirrel,Primary consumer,Omnivore,1,,,,,,,,,,,,,,,,,,,,,,,,,,,,,,,,,,,,,,,,,,,,,,,,,,,,,,,,,,,,,,,,,,,,,,,,,,,,,,,,,
D03-07,11/23/2019,Fall,2,10:44:02,Morning,0:01:06,Eastern gray squirrel,Primary consumer,Omnivore,1,,,,,,,,,,,,,,,,,,,,,,,,,,,,,,,,,,,,,,,,,,,,,,,,,,,,,,,,,,,,,,,,,,,,,,,,,,,,,,,,,
D03-07,11/23/2019,Fall,3,16:34:14,Afternoon,0:00:01,Eastern gray squirrel,Primary consumer,Omnivore,1,,,,,,,,,,,,,,,,,,,,,,,,,,,,,,,,,,,,,,,,,,,,,,,,,,,,,,,,,,,,,,,,,,,,,,,,,,,,,,,,,
D03-07,11/23/2019,Fall,4,17:48:32,Evening,0:04:52,Opossum,Secondary consumer,Omnivore,1,,,,,,,,,,,,,,,,,,,,,,,,,,,,,,,,,,,,,,,,,,,,,,,,,,,,,,,,,,,,,,,,,,,,,,,,,,,,,,,,,
D03-07,11/24/2019,Fall,5,2:25:40,Night,0:12:25,Opossum,Secondary consumer,Omnivore,1,,,,,,,,,,,,,,,,,,,,,,,,,,,,,,,,,,,,,,,,,,,,,,,,,,,,,,,,,,,,,,,,,,,,,,,,,,,,,,,,,
D03-07,11/25/2019,Fall,6,9:11:29,Morning,0:00:01,White-tailed deer,Primary consumer,Herbivore,1,,,,,,,,,,,,,,,,,,,,,,,,,,,,,,,,,,,,,,,,,,,,,,,,,,,,,,,,,,,,,,,,,,,,,,,,,,,,,,,,,
D03-07,11/25/2019,Fall,7,21:24:04,Night,0:01:30,Opossum,Secondary consumer,Omnivore,1,,,,,,,,,,,,,,,,,,,,,,,,,,,,,,,,,,,,,,,,,,,,,,,,,,,,,,,,,,,,,,,,,,,,,,,,,,,,,,,,,
D03-07,11/26/2019,Fall,8,13:24:01,Afternoon,0:00:01,Bird spp,Primary consumer,Omnivore,1,,,,,,,,,,,,,,,,,,,,,,,,,,,,,,,,,,,,,,,,,,,,,,,,,,,,,,,,,,,,,,,,,,,,,,,,,,,,,,,,,
D03-07,11/26/2019,Fall,9,14:29:37,Afternoon,0:00:01,Bird spp,Primary consumer,Omnivore,1,,,,,,,,,,,,,,,,,,,,,,,,,,,,,,,,,,,,,,,,,,,,,,,,,,,,,,,,,,,,,,,,,,,,,,,,,,,,,,,,,
D03-07,11/27/2019,Fall,10,11:39:04,Morning,0:01:36,Eastern gray squirrel,Primary consumer,Omnivore,1,,,,,,,,,,,,,,,,,,,,,,,,,,,,,,,,,,,,,,,,,,,,,,,,,,,,,,,,,,,,,,,,,,,,,,,,,,,,,,,,,
D03-07,11/28/2019,Fall,11,16:23:33,Afternoon,0:00:01,Eastern gray squirrel,Primary consumer,Omnivore,1,,,,,,,,,,,,,,,,,,,,,,,,,,,,,,,,,,,,,,,,,,,,,,,,,,,,,,,,,,,,,,,,,,,,,,,,,,,,,,,,,
D03-07,11/28/2019,Fall,12,18:15:41,Evening,0:00:01,Opossum,Secondary consumer,Omnivore,1,,,,,,,,,,,,,,,,,,,,,,,,,,,,,,,,,,,,,,,,,,,,,,,,,,,,,,,,,,,,,,,,,,,,,,,,,,,,,,,,,
D03-07,11/28/2019,Fall,13,20:13:15,Evening,0:00:12,Opossum,Secondary consumer,Omnivore,1,,,,,,,,,,,,,,,,,,,,,,,,,,,,,,,,,,,,,,,,,,,,,,,,,,,,,,,,,,,,,,,,,,,,,,,,,,,,,,,,,
D03-07,11/29/2019,Fall,14,1:24:37,Night,0:00:01,Opossum,Secondary consumer,Omnivore,1,,,,,,,,,,,,,,,,,,,,,,,,,,,,,,,,,,,,,,,,,,,,,,,,,,,,,,,,,,,,,,,,,,,,,,,,,,,,,,,,,
D03-07,11/29/2019,Fall,15,17:35:52,Evening,0:01:30,Opossum,Secondary consumer,Omnivore,1,,,,,,,,,,,,,,,,,,,,,,,,,,,,,,,,,,,,,,,,,,,,,,,,,,,,,,,,,,,,,,,,,,,,,,,,,,,,,,,,,
D03-07,11/29/2019,Fall,16,21:25:50,Night,0:01:34,Opossum,Secondary consumer,Omnivore,1,,,,,,,,,,,,,,,,,,,,,,,,,,,,,,,,,,,,,,,,,,,,,,,,,,,,,,,,,,,,,,,,,,,,,,,,,,,,,,,,,
D03-07,11/30/2019,Fall,17,14:20:55,Afternoon,0:00:01,Bird spp,Primary consumer,Omnivore,1,,,,,,,,,,,,,,,,,,,,,,,,,,,,,,,,,,,,,,,,,,,,,,,,,,,,,,,,,,,,,,,,,,,,,,,,,,,,,,,,,
D03-07,12/1/2019,Winter,18,1:28:48,Night,0:00:01,Opossum,Secondary consumer,Omnivore,1,,,,,,,,,,,,,,,,,,,,,,,,,,,,,,,,,,,,,,,,,,,,,,,,,,,,,,,,,,,,,,,,,,,,,,,,,,,,,,,,,
D03-07,12/1/2019,Winter,19,5:08:44,Morning,0:00:01,Opossum,Secondary consumer,Omnivore,1,,,,,,,,,,,,,,,,,,,,,,,,,,,,,,,,,,,,,,,,,,,,,,,,,,,,,,,,,,,,,,,,,,,,,,,,,,,,,,,,,
D03-07,12/1/2019,Winter,20,7:34:13,Morning,0:02:27,Bird spp,Primary consumer,Omnivore,1,,,,,,,,,,,,,,,,,,,,,,,,,,,,,,,,,,,,,,,,,,,,,,,,,,,,,,,,,,,,,,,,,,,,,,,,,,,,,,,,,
D03-07,12/1/2019,Winter,21,20:20:10,Evening,0:00:01,Opossum,Secondary consumer,Omnivore,1,,,,,,,,,,,,,,,,,,,,,,,,,,,,,,,,,,,,,,,,,,,,,,,,,,,,,,,,,,,,,,,,,,,,,,,,,,,,,,,,,
D03-07,12/1/2019,Winter,22,20:36:15,Evening,0:00:01,Bobcat,Tertiary consumer,Hyper-carnivore,1,,,,,,,,,,,,,,,,,,,,,,,,,,,,,,,,,,,,,,,,,,,,,,,,,,,,,,,,,,,,,,,,,,,,,,,,,,,,,,,,,
D03-07,12/1/2019,Winter,23,23:33:49,Night,0:01:23,Bobcat,Tertiary consumer,Hyper-carnivore,1,,,,,,,,,,,,,,,,,,,,,,,,,,,,,,,,,,,,,,,,,,,,,,,,,,,,,,,,,,,,,,,,,,,,,,,,,,,,,,,,,
D03-07,12/2/2019,Winter,24,4:51:59,Night-Morning,0:29:07,Bobcat,Tertiary consumer,Hyper-carnivore,1,,,,,,,,,,,,,,,,,,,,,,,,,,,,,,,,,,,,,,,,,,,,,,,,,,,,,,,,,,,,,,,,,,,,,,,,,,,,,,,,,
D03-07,12/2/2019,Winter,25,17:45:06,Evening,0:34:07,Bobcat,Tertiary consumer,Hyper-carnivore,1,,,,,,,,,,,,,,,,,,,,,,,,,,,,,,,,,,,,,,,,,,,,,,,,,,,,,,,,,,,,,,,,,,,,,,,,,,,,,,,,,
D03-07,12/2/2019,Winter,26,23:04:20,Night,0:01:54,Bobcat,Tertiary consumer,Hyper-carnivore,1,,,,,,,,,,,,,,,,,,,,,,,,,,,,,,,,,,,,,,,,,,,,,,,,,,,,,,,,,,,,,,,,,,,,,,,,,,,,,,,,,
D03-07,12/2/2019,Winter,27,23:39:20,Night,0:09:15,Bobcat,Tertiary consumer,Hyper-carnivore,1,,,,,,,,,,,,,,,,,,,,,,,,,,,,,,,,,,,,,,,,,,,,,,,,,,,,,,,,,,,,,,,,,,,,,,,,,,,,,,,,,
D03-07,12/3/2019,Winter,28,4:12:08,Night,0:01:27,Bobcat,Tertiary consumer,Hyper-carnivore,1,,,,,,,,,,,,,,,,,,,,,,,,,,,,,,,,,,,,,,,,,,,,,,,,,,,,,,,,,,,,,,,,,,,,,,,,,,,,,,,,,
D03-07,12/3/2019,Winter,29,5:00:51,Morning,0:05:24,Bobcat,Tertiary consumer,Hyper-carnivore,1,,,,,,,,,,,,,,,,,,,,,,,,,,,,,,,,,,,,,,,,,,,,,,,,,,,,,,,,,,,,,,,,,,,,,,,,,,,,,,,,,
D03-07,12/3/2019,Winter,30,16:26:26,Afternoon,0:00:13,Eastern gray squirrel,Primary consumer,Omnivore,1,,,,,,,,,,,,,,,,,,,,,,,,,,,,,,,,,,,,,,,,,,,,,,,,,,,,,,,,,,,,,,,,,,,,,,,,,,,,,,,,,
D03-07,12/3/2019,Winter,31,18:36:09,Evening,0:01:55,Opossum,Secondary consumer,Omnivore,1,,,,,,,,,,,,,,,,,,,,,,,,,,,,,,,,,,,,,,,,,,,,,,,,,,,,,,,,,,,,,,,,,,,,,,,,,,,,,,,,,
D03-07,12/3/2019,Winter,32,19:25:04,Evening,0:10:08,Bobcat,Tertiary consumer,Hyper-carnivore,1,,,,,,,,,,,,,,,,,,,,,,,,,,,,,,,,,,,,,,,,,,,,,,,,,,,,,,,,,,,,,,,,,,,,,,,,,,,,,,,,,
D03-07,12/3/2019,Winter,33,20:36:04,Evening,0:08:59,Bobcat,Tertiary consumer,Hyper-carnivore,1,,,,,,,,,,,,,,,,,,,,,,,,,,,,,,,,,,,,,,,,,,,,,,,,,,,,,,,,,,,,,,,,,,,,,,,,,,,,,,,,,
D03-07,12/3/2019,Winter,34,23:43:44,Night,0:15:27,Bobcat,Tertiary consumer,Hyper-carnivore,1,,,,,,,,,,,,,,,,,,,,,,,,,,,,,,,,,,,,,,,,,,,,,,,,,,,,,,,,,,,,,,,,,,,,,,,,,,,,,,,,,
D03-07,12/4/2019,Winter,35,0:13:04,Night,0:00:01,Bobcat,Tertiary consumer,Hyper-carnivore,1,,,,,,,,,,,,,,,,,,,,,,,,,,,,,,,,,,,,,,,,,,,,,,,,,,,,,,,,,,,,,,,,,,,,,,,,,,,,,,,,,
D03-07,12/4/2019,Winter,36,2:42:35,Night,0:03:46,Bobcat,Tertiary consumer,Hyper-carnivore,1,,,,,,,,,,,,,,,,,,,,,,,,,,,,,,,,,,,,,,,,,,,,,,,,,,,,,,,,,,,,,,,,,,,,,,,,,,,,,,,,,
D03-07,12/4/2019,Winter,37,3:42:16,Night,0:13:09,Bobcat,Tertiary consumer,Hyper-carnivore,1,,,,,,,,,,,,,,,,,,,,,,,,,,,,,,,,,,,,,,,,,,,,,,,,,,,,,,,,,,,,,,,,,,,,,,,,,,,,,,,,,
D03-07,12/4/2019,Winter,38,4:05:59,Night,0:04:15,Bobcat,Tertiary consumer,Hyper-carnivore,1,,,,,,,,,,,,,,,,,,,,,,,,,,,,,,,,,,,,,,,,,,,,,,,,,,,,,,,,,,,,,,,,,,,,,,,,,,,,,,,,,
D03-07,12/4/2019,Winter,39,16:32:09,Afternoon,0:05:12,Eastern gray squirrel,Primary consumer,Omnivore,1,,,,,,,,,,,,,,,,,,,,,,,,,,,,,,,,,,,,,,,,,,,,,,,,,,,,,,,,,,,,,,,,,,,,,,,,,,,,,,,,,
D03-07,12/4/2019,Winter,40,16:38:42,Afternoon,0:00:01,Bobcat,Tertiary consumer,Hyper-carnivore,1,,,,,,,,,,,,,,,,,,,,,,,,,,,,,,,,,,,,,,,,,,,,,,,,,,,,,,,,,,,,,,,,,,,,,,,,,,,,,,,,,
D03-07,12/4/2019,Winter,41,19:40:19,Evening,0:09:29,Bobcat,Tertiary consumer,Hyper-carnivore,1,,,,,,,,,,,,,,,,,,,,,,,,,,,,,,,,,,,,,,,,,,,,,,,,,,,,,,,,,,,,,,,,,,,,,,,,,,,,,,,,,
D03-07,12/4/2019,Winter,42,20:09:42,Evening,0:00:01,Bobcat,Tertiary consumer,Hyper-carnivore,1,,,,,,,,,,,,,,,,,,,,,,,,,,,,,,,,,,,,,,,,,,,,,,,,,,,,,,,,,,,,,,,,,,,,,,,,,,,,,,,,,
D03-07,12/5/2019,Winter,43,2:43:42,Night,0:00:01,Bobcat,Tertiary consumer,Hyper-carnivore,1,,,,,,,,,,,,,,,,,,,,,,,,,,,,,,,,,,,,,,,,,,,,,,,,,,,,,,,,,,,,,,,,,,,,,,,,,,,,,,,,,
D03-07,12/5/2019,Winter,44,3:30:24,Night,0:07:48,Bobcat,Tertiary consumer,Hyper-carnivore,1,,,,,,,,,,,,,,,,,,,,,,,,,,,,,,,,,,,,,,,,,,,,,,,,,,,,,,,,,,,,,,,,,,,,,,,,,,,,,,,,,
D03-07,12/6/2019,Winter,45,1:06:36,Night,0:06:56,Bobcat,Tertiary consumer,Hyper-carnivore,1,,,,,,,,,,,,,,,,,,,,,,,,,,,,,,,,,,,,,,,,,,,,,,,,,,,,,,,,,,,,,,,,,,,,,,,,,,,,,,,,,
D03-07,12/6/2019,Winter,46,1:26:38,Night,0:19:13,Bobcat,Tertiary consumer,Hyper-carnivore,1,,,,,,,,,,,,,,,,,,,,,,,,,,,,,,,,,,,,,,,,,,,,,,,,,,,,,,,,,,,,,,,,,,,,,,,,,,,,,,,,,
D03-07,12/6/2019,Winter,47,2:31:17,Night,0:09:55,Bobcat,Tertiary consumer,Hyper-carnivore,1,,,,,,,,,,,,,,,,,,,,,,,,,,,,,,,,,,,,,,,,,,,,,,,,,,,,,,,,,,,,,,,,,,,,,,,,,,,,,,,,,
D03-07,12/6/2019,Winter,48,14:19:47,Afternoon,0:00:01,Turkey vulture,Tertiary consumer,Scavenger,1,,,,,,,,,,,,,,,,,,,,,,,,,,,,,,,,,,,,,,,,,,,,,,,,,,,,,,,,,,,,,,,,,,,,,,,,,,,,,,,,,
D03-07,12/7/2019,Winter,49,2:35:27,Night,0:00:01,Opossum,Secondary consumer,Omnivore,1,,,,,,,,,,,,,,,,,,,,,,,,,,,,,,,,,,,,,,,,,,,,,,,,,,,,,,,,,,,,,,,,,,,,,,,,,,,,,,,,,
D03-07,12/7/2019,Winter,50,22:47:05,Evening,0:01:22,Opossum,Secondary consumer,Omnivore,1,,,,,,,,,,,,,,,,,,,,,,,,,,,,,,,,,,,,,,,,,,,,,,,,,,,,,,,,,,,,,,,,,,,,,,,,,,,,,,,,,
D03-07,12/9/2019,Winter,51,0:48:41,Night,0:00:01,Opossum,Secondary consumer,Omnivore,1,,,,,,,,,,,,,,,,,,,,,,,,,,,,,,,,,,,,,,,,,,,,,,,,,,,,,,,,,,,,,,,,,,,,,,,,,,,,,,,,,
D03-07,12/9/2019,Winter,52,1:13:40,Night,0:00:01,Opossum,Secondary consumer,Omnivore,1,,,,,,,,,,,,,,,,,,,,,,,,,,,,,,,,,,,,,,,,,,,,,,,,,,,,,,,,,,,,,,,,,,,,,,,,,,,,,,,,,
D03-07,12/9/2019,Winter,53,23:37:55,Night,0:00:18,Bobcat,Tertiary consumer,Hyper-carnivore,1,,,,,,,,,,,,,,,,,,,,,,,,,,,,,,,,,,,,,,,,,,,,,,,,,,,,,,,,,,,,,,,,,,,,,,,,,,,,,,,,,
D03-07,12/9/2019,Winter,54,23:39:38,Night,0:00:01,Opossum,Secondary consumer,Omnivore,1,,,,,,,,,,,,,,,,,,,,,,,,,,,,,,,,,,,,,,,,,,,,,,,,,,,,,,,,,,,,,,,,,,,,,,,,,,,,,,,,,
D03-07,12/10/2019,Winter,55,5:26:56,Morning,0:00:01,Opossum,Secondary consumer,Omnivore,1,,,,,,,,,,,,,,,,,,,,,,,,,,,,,,,,,,,,,,,,,,,,,,,,,,,,,,,,,,,,,,,,,,,,,,,,,,,,,,,,,
D03-07,12/10/2019,Winter,56,17:39:21,Evening,0:00:01,White-tailed deer,Primary consumer,Herbivore,1,,,,,,,,,,,,,,,,,,,,,,,,,,,,,,,,,,,,,,,,,,,,,,,,,,,,,,,,,,,,,,,,,,,,,,,,,,,,,,,,,
D03-07,12/11/2019,Winter,57,18:42:13,Evening,0:11:36,Coyote,Tertiary consumer,Meso-carnivore,1,,,,,,,,,,,,,,,,,,,,,,,,,,,,,,,,,,,,,,,,,,,,,,,,,,,,,,,,,,,,,,,,,,,,,,,,,,,,,,,,,
D03-07,12/12/2019,Winter,58,6:13:01,Morning,0:15:32,Coyote,Tertiary consumer,Meso-carnivore,1,,,,,,,,,,,,,,,,,,,,,,,,,,,,,,,,,,,,,,,,,,,,,,,,,,,,,,,,,,,,,,,,,,,,,,,,,,,,,,,,,
D03-07,12/12/2019,Winter,59,19:11:41,Evening,0:01:30,Opossum,Secondary consumer,Omnivore,1,,,,,,,,,,,,,,,,,,,,,,,,,,,,,,,,,,,,,,,,,,,,,,,,,,,,,,,,,,,,,,,,,,,,,,,,,,,,,,,,,
D03-07,12/12/2019,Winter,60,22:59:11,Night,0:06:23,Bobcat,Tertiary consumer,Hyper-carnivore,1,,,,,,,,,,,,,,,,,,,,,,,,,,,,,,,,,,,,,,,,,,,,,,,,,,,,,,,,,,,,,,,,,,,,,,,,,,,,,,,,,
D03-07,12/12/2019,Winter,61,23:09:16,Night,0:15:37,Coyote,Tertiary consumer,Meso-carnivore,2,,,,,,,,,,,,,,,,,,,,,,,,,,,,,,,,,,,,,,,,,,,,,,,,,,,,,,,,,,,,,,,,,,,,,,,,,,,,,,,,,
D03-07,12/15/2019,Winter,62,16:46:12,Afternoon,0:00:01,Eastern gray squirrel,Primary consumer,Omnivore,1,,,,,,,,,,,,,,,,,,,,,,,,,,,,,,,,,,,,,,,,,,,,,,,,,,,,,,,,,,,,,,,,,,,,,,,,,,,,,,,,,
D03-07,12/15/2019,Winter,63,20:42:48,Evening,0:01:34,Raccoon,Secondary consumer,Omnivore,2,,,,,,,,,,,,,,,,,,,,,,,,,,,,,,,,,,,,,,,,,,,,,,,,,,,,,,,,,,,,,,,,,,,,,,,,,,,,,,,,,
D03-07,12/15/2019,Winter,64,23:51:46,Night,0:04:49,Coyote,Tertiary consumer,Meso-carnivore,2,,,,,,,,,,,,,,,,,,,,,,,,,,,,,,,,,,,,,,,,,,,,,,,,,,,,,,,,,,,,,,,,,,,,,,,,,,,,,,,,,
D03-07,12/16/2019,Winter,65,3:26:33,Night,0:00:01,Coyote,Tertiary consumer,Meso-carnivore,1,,,,,,,,,,,,,,,,,,,,,,,,,,,,,,,,,,,,,,,,,,,,,,,,,,,,,,,,,,,,,,,,,,,,,,,,,,,,,,,,,
D03-07,12/16/2019,Winter,66,9:49:11,Morning,0:01:23,Bird spp,Primary consumer,Omnivore,1,,,,,,,,,,,,,,,,,,,,,,,,,,,,,,,,,,,,,,,,,,,,,,,,,,,,,,,,,,,,,,,,,,,,,,,,,,,,,,,,,
D03-07,12/18/2019,Winter,67,19:42:11,Evening,0:00:01,Opossum,Secondary consumer,Omnivore,1,,,,,,,,,,,,,,,,,,,,,,,,,,,,,,,,,,,,,,,,,,,,,,,,,,,,,,,,,,,,,,,,,,,,,,,,,,,,,,,,,
D03-07,12/18/2019,Winter,68,19:45:17,Evening,0:02:44,Coyote,Tertiary consumer,Meso-carnivore,1,,,,,,,,,,,,,,,,,,,,,,,,,,,,,,,,,,,,,,,,,,,,,,,,,,,,,,,,,,,,,,,,,,,,,,,,,,,,,,,,,
D03-07,12/18/2019,Winter,69,20:00:26,Evening,0:19:39,Coyote,Tertiary consumer,Meso-carnivore,1,,,,,,,,,,,,,,,,,,,,,,,,,,,,,,,,,,,,,,,,,,,,,,,,,,,,,,,,,,,,,,,,,,,,,,,,,,,,,,,,,
D03-07,12/18/2019,Winter,70,20:46:52,Evening,0:00:01,Coyote,Tertiary consumer,Meso-carnivore,1,,,,,,,,,,,,,,,,,,,,,,,,,,,,,,,,,,,,,,,,,,,,,,,,,,,,,,,,,,,,,,,,,,,,,,,,,,,,,,,,,
D03-07,12/18/2019,Winter,71,21:49:43,Night,0:00:01,Coyote,Tertiary consumer,Meso-carnivore,1,,,,,,,,,,,,,,,,,,,,,,,,,,,,,,,,,,,,,,,,,,,,,,,,,,,,,,,,,,,,,,,,,,,,,,,,,,,,,,,,,
D03-07,12/20/2019,Winter,72,21:37:20,Night,0:00:01,Coyote,Tertiary consumer,Meso-carnivore,1,,,,,,,,,,,,,,,,,,,,,,,,,,,,,,,,,,,,,,,,,,,,,,,,,,,,,,,,,,,,,,,,,,,,,,,,,,,,,,,,,
D03-07,12/21/2019,Winter,73,6:32:34,Morning,0:28:40,Coyote,Tertiary consumer,Meso-carnivore,1,,,,,,,,,,,,,,,,,,,,,,,,,,,,,,,,,,,,,,,,,,,,,,,,,,,,,,,,,,,,,,,,,,,,,,,,,,,,,,,,,
D03-07,12/23/2019,Winter,74,21:52:03,Night,0:00:01,Opossum,Secondary consumer,Omnivore,1,,,,,,,,,,,,,,,,,,,,,,,,,,,,,,,,,,,,,,,,,,,,,,,,,,,,,,,,,,,,,,,,,,,,,,,,,,,,,,,,,
D03-07,12/24/2019,Winter,75,22:34:24,Night,0:00:01,Opossum,Secondary consumer,Omnivore,1,,,,,,,,,,,,,,,,,,,,,,,,,,,,,,,,,,,,,,,,,,,,,,,,,,,,,,,,,,,,,,,,,,,,,,,,,,,,,,,,,
D03-07,12/24/2019,Winter,76,23:16:53,Night,0:01:20,Opossum,Secondary consumer,Omnivore,1,,,,,,,,,,,,,,,,,,,,,,,,,,,,,,,,,,,,,,,,,,,,,,,,,,,,,,,,,,,,,,,,,,,,,,,,,,,,,,,,,
D03-07,12/29/2019,Winter,77,13:40:03,Afternoon,0:01:20,White-tailed deer,Primary consumer,Herbivore,1,,,,,,,,,,,,,,,,,,,,,,,,,,,,,,,,,,,,,,,,,,,,,,,,,,,,,,,,,,,,,,,,,,,,,,,,,,,,,,,,,
D03-07,12/30/2019,Winter,78,8:33:47,Morning,0:00:01,Eastern gray squirrel,Primary consumer,Omnivore,1,,,,,,,,,,,,,,,,,,,,,,,,,,,,,,,,,,,,,,,,,,,,,,,,,,,,,,,,,,,,,,,,,,,,,,,,,,,,,,,,,
D03-07,12/30/2019,Winter,79,16:09:19,Afternoon,0:00:01,Eastern gray squirrel,Primary consumer,Omnivore,1,,,,,,,,,,,,,,,,,,,,,,,,,,,,,,,,,,,,,,,,,,,,,,,,,,,,,,,,,,,,,,,,,,,,,,,,,,,,,,,,,
D03-07,12/30/2019,Winter,80,22:53:13,Night,0:01:57,Opossum,Secondary consumer,Omnivore,1,,,,,,,,,,,,,,,,,,,,,,,,,,,,,,,,,,,,,,,,,,,,,,,,,,,,,,,,,,,,,,,,,,,,,,,,,,,,,,,,,
D03-07,12/31/2019,Winter,81,18:42:05,Evening,0:00:01,Coyote,Tertiary consumer,Meso-carnivore,1,,,,,,,,,,,,,,,,,,,,,,,,,,,,,,,,,,,,,,,,,,,,,,,,,,,,,,,,,,,,,,,,,,,,,,,,,,,,,,,,,
D03-07,1/1/2020,Winter,82,16:42:23,Afternoon,0:00:01,Eastern gray squirrel,Primary consumer,Omnivore,1,,,,,,,,,,,,,,,,,,,,,,,,,,,,,,,,,,,,,,,,,,,,,,,,,,,,,,,,,,,,,,,,,,,,,,,,,,,,,,,,,
D03-07,1/2/2020,Winter,83,16:26:07,Afternoon,0:00:01,Eastern gray squirrel,Primary consumer,Omnivore,1,,,,,,,,,,,,,,,,,,,,,,,,,,,,,,,,,,,,,,,,,,,,,,,,,,,,,,,,,,,,,,,,,,,,,,,,,,,,,,,,,
D03-07,1/5/2020,Winter,84,7:36:14,Morning,0:00:01,Eastern gray squirrel,Primary consumer,Omnivore,1,,,,,,,,,,,,,,,,,,,,,,,,,,,,,,,,,,,,,,,,,,,,,,,,,,,,,,,,,,,,,,,,,,,,,,,,,,,,,,,,,
D03-07,1/6/2020,Winter,85,0:18:26,Night,0:00:01,White-tailed deer,Primary consumer,Herbivore,1,,,,,,,,,,,,,,,,,,,,,,,,,,,,,,,,,,,,,,,,,,,,,,,,,,,,,,,,,,,,,,,,,,,,,,,,,,,,,,,,,
D03-07,1/7/2020,Winter,86,7:48:38,Morning,0:00:01,Eastern gray squirrel,Primary consumer,Omnivore,1,,,,,,,,,,,,,,,,,,,,,,,,,,,,,,,,,,,,,,,,,,,,,,,,,,,,,,,,,,,,,,,,,,,,,,,,,,,,,,,,,
D03-07,1/9/2020,Winter,87,8:15:53,Morning,0:11:17,Eastern gray squirrel,Primary consumer,Omnivore,2,,,,,,,,,,,,,,,,,,,,,,,,,,,,,,,,,,,,,,,,,,,,,,,,,,,,,,,,,,,,,,,,,,,,,,,,,,,,,,,,,
D03-07,1/9/2020,Winter,88,8:41:08,Morning,0:07:08,Eastern gray squirrel,Primary consumer,Omnivore,1,,,,,,,,,,,,,,,,,,,,,,,,,,,,,,,,,,,,,,,,,,,,,,,,,,,,,,,,,,,,,,,,,,,,,,,,,,,,,,,,,
D03-07,1/9/2020,Winter,89,8:58:37,Morning,0:28:38,Eastern gray squirrel,Primary consumer,Omnivore,2,,,,,,,,,,,,,,,,,,,,,,,,,,,,,,,,,,,,,,,,,,,,,,,,,,,,,,,,,,,,,,,,,,,,,,,,,,,,,,,,,
D03-07,1/9/2020,Winter,90,9:52:03,Morning,0:12:23,Eastern gray squirrel,Primary consumer,Omnivore,1,,,,,,,,,,,,,,,,,,,,,,,,,,,,,,,,,,,,,,,,,,,,,,,,,,,,,,,,,,,,,,,,,,,,,,,,,,,,,,,,,
D03-07,1/9/2020,Winter,91,10:23:55,Morning,0:00:01,Eastern gray squirrel,Primary consumer,Omnivore,1,,,,,,,,,,,,,,,,,,,,,,,,,,,,,,,,,,,,,,,,,,,,,,,,,,,,,,,,,,,,,,,,,,,,,,,,,,,,,,,,,
D03-07,1/9/2020,Winter,92,10:39:32,Morning,0:11:27,Eastern gray squirrel,Primary consumer,Omnivore,1,,,,,,,,,,,,,,,,,,,,,,,,,,,,,,,,,,,,,,,,,,,,,,,,,,,,,,,,,,,,,,,,,,,,,,,,,,,,,,,,,
D03-07,1/9/2020,Winter,93,11:03:16,Morning,0:13:25,Eastern gray squirrel,Primary consumer,Omnivore,1,,,,,,,,,,,,,,,,,,,,,,,,,,,,,,,,,,,,,,,,,,,,,,,,,,,,,,,,,,,,,,,,,,,,,,,,,,,,,,,,,
D03-07,1/9/2020,Winter,94,11:31:54,Morning,0:01:45,Eastern gray squirrel,Primary consumer,Omnivore,1,,,,,,,,,,,,,,,,,,,,,,,,,,,,,,,,,,,,,,,,,,,,,,,,,,,,,,,,,,,,,,,,,,,,,,,,,,,,,,,,,
D03-07,1/13/2020,Winter,95,9:51:33,Morning,0:00:01,Eastern gray squirrel,Primary consumer,Omnivore,1,,,,,,,,,,,,,,,,,,,,,,,,,,,,,,,,,,,,,,,,,,,,,,,,,,,,,,,,,,,,,,,,,,,,,,,,,,,,,,,,,
D03-07,1/13/2020,Winter,96,10:32:48,Morning,0:00:01,Bird spp,Primary consumer,Omnivore,1,,,,,,,,,,,,,,,,,,,,,,,,,,,,,,,,,,,,,,,,,,,,,,,,,,,,,,,,,,,,,,,,,,,,,,,,,,,,,,,,,
D03-07,1/13/2020,Winter,97,20:09:44,Evening,0:00:01,Mouse,Primary consumer,Omnivore,1,,,,,,,,,,,,,,,,,,,,,,,,,,,,,,,,,,,,,,,,,,,,,,,,,,,,,,,,,,,,,,,,,,,,,,,,,,,,,,,,,
D03-07,1/13/2020,Winter,98,21:12:49,Night,0:00:01,Mouse,Primary consumer,Omnivore,1,,,,,,,,,,,,,,,,,,,,,,,,,,,,,,,,,,,,,,,,,,,,,,,,,,,,,,,,,,,,,,,,,,,,,,,,,,,,,,,,,
D03-07,1/16/2020,Winter,99,1:36:00,Night,0:00:01,Mouse,Primary consumer,Omnivore,1,,,,,,,,,,,,,,,,,,,,,,,,,,,,,,,,,,,,,,,,,,,,,,,,,,,,,,,,,,,,,,,,,,,,,,,,,,,,,,,,,
D03-07,1/16/2020,Winter,100,19:12:38,Evening,0:01:29,Mouse,Primary consumer,Omnivore,1,,,,,,,,,,,,,,,,,,,,,,,,,,,,,,,,,,,,,,,,,,,,,,,,,,,,,,,,,,,,,,,,,,,,,,,,,,,,,,,,,
D03-07,1/16/2020,Winter,101,21:59:30,Night,0:00:24,Mouse,Primary consumer,Omnivore,1,,,,,,,,,,,,,,,,,,,,,,,,,,,,,,,,,,,,,,,,,,,,,,,,,,,,,,,,,,,,,,,,,,,,,,,,,,,,,,,,,
D03-07,1/18/2020,Winter,102,16:07:41,Afternoon,0:00:01,Eastern gray squirrel,Primary consumer,Omnivore,1,,,,,,,,,,,,,,,,,,,,,,,,,,,,,,,,,,,,,,,,,,,,,,,,,,,,,,,,,,,,,,,,,,,,,,,,,,,,,,,,,
D03-07,1/19/2020,Winter,103,15:08:52,Afternoon,0:01:22,Bird spp,Primary consumer,Omnivore,1,,,,,,,,,,,,,,,,,,,,,,,,,,,,,,,,,,,,,,,,,,,,,,,,,,,,,,,,,,,,,,,,,,,,,,,,,,,,,,,,,
D03-07,1/19/2020,Winter,104,20:59:32,Evening-Night,0:03:58,Mouse,Primary consumer,Omnivore,1,,,,,,,,,,,,,,,,,,,,,,,,,,,,,,,,,,,,,,,,,,,,,,,,,,,,,,,,,,,,,,,,,,,,,,,,,,,,,,,,,
D03-07,1/20/2020,Winter,105,20:24:03,Evening,0:00:01,Mouse,Primary consumer,Omnivore,1,,,,,,,,,,,,,,,,,,,,,,,,,,,,,,,,,,,,,,,,,,,,,,,,,,,,,,,,,,,,,,,,,,,,,,,,,,,,,,,,,
D03-07,1/22/2020,Winter,106,16:59:27,Afternoon,0:00:01,Eastern gray squirrel,Primary consumer,Omnivore,1,,,,,,,,,,,,,,,,,,,,,,,,,,,,,,,,,,,,,,,,,,,,,,,,,,,,,,,,,,,,,,,,,,,,,,,,,,,,,,,,,
D03-07,1/25/2020,Winter,107,19:43:12,Evening,0:00:01,Mouse,Primary consumer,Omnivore,1,,,,,,,,,,,,,,,,,,,,,,,,,,,,,,,,,,,,,,,,,,,,,,,,,,,,,,,,,,,,,,,,,,,,,,,,,,,,,,,,,
D03-07,1/26/2020,Winter,108,2:11:06,Night,0:00:01,Mouse,Primary consumer,Omnivore,1,,,,,,,,,,,,,,,,,,,,,,,,,,,,,,,,,,,,,,,,,,,,,,,,,,,,,,,,,,,,,,,,,,,,,,,,,,,,,,,,,
D03-07,1/26/2020,Winter,109,2:26:21,Night,0:00:01,Mouse,Primary consumer,Omnivore,1,,,,,,,,,,,,,,,,,,,,,,,,,,,,,,,,,,,,,,,,,,,,,,,,,,,,,,,,,,,,,,,,,,,,,,,,,,,,,,,,,
D03-07,1/26/2020,Winter,110,7:29:26,Morning,0:00:01,Eastern gray squirrel,Primary consumer,Omnivore,1,,,,,,,,,,,,,,,,,,,,,,,,,,,,,,,,,,,,,,,,,,,,,,,,,,,,,,,,,,,,,,,,,,,,,,,,,,,,,,,,,
D03-07,1/26/2020,Winter,111,22:42:48,Night,0:04:43,Mouse,Primary consumer,Omnivore,1,,,,,,,,,,,,,,,,,,,,,,,,,,,,,,,,,,,,,,,,,,,,,,,,,,,,,,,,,,,,,,,,,,,,,,,,,,,,,,,,,
D03-07,1/27/2020,Winter,112,13:54:36,Afternoon,0:00:01,Bird spp,Primary consumer,Omnivore,1,,,,,,,,,,,,,,,,,,,,,,,,,,,,,,,,,,,,,,,,,,,,,,,,,,,,,,,,,,,,,,,,,,,,,,,,,,,,,,,,,
D03-07,1/27/2020,Winter,113,18:55:52,Evening,0:00:01,Mouse,Primary consumer,Omnivore,1,,,,,,,,,,,,,,,,,,,,,,,,,,,,,,,,,,,,,,,,,,,,,,,,,,,,,,,,,,,,,,,,,,,,,,,,,,,,,,,,,
D03-07,1/28/2020,Winter,114,0:49:52,Night,0:00:01,Mouse,Primary consumer,Omnivore,1,,,,,,,,,,,,,,,,,,,,,,,,,,,,,,,,,,,,,,,,,,,,,,,,,,,,,,,,,,,,,,,,,,,,,,,,,,,,,,,,,
D03-07,1/28/2020,Winter,115,1:45:42,Night,0:00:01,Mouse,Primary consumer,Omnivore,1,,,,,,,,,,,,,,,,,,,,,,,,,,,,,,,,,,,,,,,,,,,,,,,,,,,,,,,,,,,,,,,,,,,,,,,,,,,,,,,,,
D03-07,1/30/2020,Winter,116,20:13:43,Evening,0:00:01,Mouse,Primary consumer,Omnivore,1,,,,,,,,,,,,,,,,,,,,,,,,,,,,,,,,,,,,,,,,,,,,,,,,,,,,,,,,,,,,,,,,,,,,,,,,,,,,,,,,,
D03-07,1/31/2020,Winter,117,5:24:45,Morning,0:03:15,Coyote,Tertiary consumer,Meso-carnivore,2,,,,,,,,,,,,,,,,,,,,,,,,,,,,,,,,,,,,,,,,,,,,,,,,,,,,,,,,,,,,,,,,,,,,,,,,,,,,,,,,,
D03-07,2/1/2020,Winter,118,8:26:03,Morning,0:02:32,Coyote,Tertiary consumer,Meso-carnivore,1,,,,,,,,,,,,,,,,,,,,,,,,,,,,,,,,,,,,,,,,,,,,,,,,,,,,,,,,,,,,,,,,,,,,,,,,,,,,,,,,,
D03-07,2/6/2020,Winter,119,5:35:51,Morning,0:01:59,Coyote,Tertiary consumer,Meso-carnivore,1,,,,,,,,,,,,,,,,,,,,,,,,,,,,,,,,,,,,,,,,,,,,,,,,,,,,,,,,,,,,,,,,,,,,,,,,,,,,,,,,,
D03-07,2/7/2020,Winter,120,3:54:28,Night,0:00:01,Opossum,Secondary consumer,Omnivore,1,,,,,,,,,,,,,,,,,,,,,,,,,,,,,,,,,,,,,,,,,,,,,,,,,,,,,,,,,,,,,,,,,,,,,,,,,,,,,,,,,
D03-07,2/7/2020,Winter,121,6:01:56,Morning,0:00:01,Mouse,Primary consumer,Omnivore,1,,,,,,,,,,,,,,,,,,,,,,,,,,,,,,,,,,,,,,,,,,,,,,,,,,,,,,,,,,,,,,,,,,,,,,,,,,,,,,,,,
D03-07,2/8/2020,Winter,122,11:37:50,Morning,0:00:01,Bird spp,Primary consumer,Omnivore,1,,,,,,,,,,,,,,,,,,,,,,,,,,,,,,,,,,,,,,,,,,,,,,,,,,,,,,,,,,,,,,,,,,,,,,,,,,,,,,,,,
D03-07,2/9/2020,Winter,123,20:37:58,Evening,0:00:30,Mouse,Primary consumer,Omnivore,1,,,,,,,,,,,,,,,,,,,,,,,,,,,,,,,,,,,,,,,,,,,,,,,,,,,,,,,,,,,,,,,,,,,,,,,,,,,,,,,,,
D03-07,2/10/2020,Winter,124,8:31:15,Morning,0:03:19,White-tailed deer,Primary consumer,Herbivore,2,,,,,,,,,,,,,,,,,,,,,,,,,,,,,,,,,,,,,,,,,,,,,,,,,,,,,,,,,,,,,,,,,,,,,,,,,,,,,,,,,
D03-07,2/10/2020,Winter,125,13:24:24,Afternoon,0:00:38,Bird spp,Primary consumer,Omnivore,1,,,,,,,,,,,,,,,,,,,,,,,,,,,,,,,,,,,,,,,,,,,,,,,,,,,,,,,,,,,,,,,,,,,,,,,,,,,,,,,,,
D03-07,2/12/2020,Winter,126,1:38:55,Night,0:00:01,Mouse,Primary consumer,Omnivore,1,,,,,,,,,,,,,,,,,,,,,,,,,,,,,,,,,,,,,,,,,,,,,,,,,,,,,,,,,,,,,,,,,,,,,,,,,,,,,,,,,
D03-07,2/12/2020,Winter,127,19:09:56,Evening,0:00:01,Mouse,Primary consumer,Omnivore,1,,,,,,,,,,,,,,,,,,,,,,,,,,,,,,,,,,,,,,,,,,,,,,,,,,,,,,,,,,,,,,,,,,,,,,,,,,,,,,,,,
D03-07,2/12/2020,Winter,128,19:44:28,Evening,0:00:01,Mouse,Primary consumer,Omnivore,1,,,,,,,,,,,,,,,,,,,,,,,,,,,,,,,,,,,,,,,,,,,,,,,,,,,,,,,,,,,,,,,,,,,,,,,,,,,,,,,,,
D03-07,2/13/2020,Winter,129,9:02:05,Morning,0:00:01,Eastern gray squirrel,Primary consumer,Omnivore,1,,,,,,,,,,,,,,,,,,,,,,,,,,,,,,,,,,,,,,,,,,,,,,,,,,,,,,,,,,,,,,,,,,,,,,,,,,,,,,,,,
D03-07,2/14/2020,Winter,130,23:37:54,Night,0:00:01,Mouse,Primary consumer,Omnivore,1,,,,,,,,,,,,,,,,,,,,,,,,,,,,,,,,,,,,,,,,,,,,,,,,,,,,,,,,,,,,,,,,,,,,,,,,,,,,,,,,,
D03-07,2/15/2020,Winter,131,15:18:27,Afternoon,0:00:37,Bird spp,Primary consumer,Omnivore,1,,,,,,,,,,,,,,,,,,,,,,,,,,,,,,,,,,,,,,,,,,,,,,,,,,,,,,,,,,,,,,,,,,,,,,,,,,,,,,,,,
D03-07,2/20/2020,Winter,132,18:26:42,Evening,0:00:01,Long-tailed weasel,Secondary consumer,Hyper-carnivore,1,,,,,,,,,,,,,,,,,,,,,,,,,,,,,,,,,,,,,,,,,,,,,,,,,,,,,,,,,,,,,,,,,,,,,,,,,,,,,,,,,
D03-07,2/24/2020,Winter,133,19:55:51,Evening,0:00:01,Mouse,Primary consumer,Omnivore,1,,,,,,,,,,,,,,,,,,,,,,,,,,,,,,,,,,,,,,,,,,,,,,,,,,,,,,,,,,,,,,,,,,,,,,,,,,,,,,,,,
D03-07,2/25/2020,Winter,134,22:29:39,Night,0:00:01,Mouse,Primary consumer,Omnivore,1,,,,,,,,,,,,,,,,,,,,,,,,,,,,,,,,,,,,,,,,,,,,,,,,,,,,,,,,,,,,,,,,,,,,,,,,,,,,,,,,,
D03-07,2/26/2020,Winter,135,7:49:28,Morning,0:00:01,Eastern gray squirrel,Primary consumer,Omnivore,1,,,,,,,,,,,,,,,,,,,,,,,,,,,,,,,,,,,,,,,,,,,,,,,,,,,,,,,,,,,,,,,,,,,,,,,,,,,,,,,,,
D03-07,2/29/2020,Winter,136,22:42:34,Night,0:01:24,Coyote,Tertiary consumer,Meso-carnivore,1,,,,,,,,,,,,,,,,,,,,,,,,,,,,,,,,,,,,,,,,,,,,,,,,,,,,,,,,,,,,,,,,,,,,,,,,,,,,,,,,,
D03-07,2/29/2020,Winter,137,23:10:36,Night,0:00:01,Mouse,Primary consumer,Omnivore,1,,,,,,,,,,,,,,,,,,,,,,,,,,,,,,,,,,,,,,,,,,,,,,,,,,,,,,,,,,,,,,,,,,,,,,,,,,,,,,,,,
D03-07,3/1/2020,Spring,138,1:26:50,Night,0:00:01,Mouse,Primary consumer,Omnivore,1,,,,,,,,,,,,,,,,,,,,,,,,,,,,,,,,,,,,,,,,,,,,,,,,,,,,,,,,,,,,,,,,,,,,,,,,,,,,,,,,,
D03-07,3/3/2020,Spring,139,1:08:41,Night,0:06:03,Mouse,Primary consumer,Omnivore,1,,,,,,,,,,,,,,,,,,,,,,,,,,,,,,,,,,,,,,,,,,,,,,,,,,,,,,,,,,,,,,,,,,,,,,,,,,,,,,,,,
D03-07,3/7/2020,Spring,140,9:46:05,Morning,0:00:01,Bird spp,Primary consumer,Omnivore,1,,,,,,,,,,,,,,,,,,,,,,,,,,,,,,,,,,,,,,,,,,,,,,,,,,,,,,,,,,,,,,,,,,,,,,,,,,,,,,,,,
D03-07,3/8/2020,Spring,141,13:17:57,Afternoon,0:00:01,White-tailed deer,Primary consumer,Herbivore,1,,,,,,,,,,,,,,,,,,,,,,,,,,,,,,,,,,,,,,,,,,,,,,,,,,,,,,,,,,,,,,,,,,,,,,,,,,,,,,,,,
D03-07,3/8/2020,Spring,142,13:29:55,Afternoon,0:00:23,White-tailed deer,Primary consumer,Herbivore,1,,,,,,,,,,,,,,,,,,,,,,,,,,,,,,,,,,,,,,,,,,,,,,,,,,,,,,,,,,,,,,,,,,,,,,,,,,,,,,,,,
D03-07,3/8/2020,Spring,143,17:33:55,Evening,0:00:01,Eastern gray squirrel,Primary consumer,Omnivore,1,,,,,,,,,,,,,,,,,,,,,,,,,,,,,,,,,,,,,,,,,,,,,,,,,,,,,,,,,,,,,,,,,,,,,,,,,,,,,,,,,
D03-07,3/13/2020,Spring,144,23:59:50,Night,0:00:01,Mouse,Primary consumer,Omnivore,1,,,,,,,,,,,,,,,,,,,,,,,,,,,,,,,,,,,,,,,,,,,,,,,,,,,,,,,,,,,,,,,,,,,,,,,,,,,,,,,,,
D03-07,3/14/2020,Spring,145,5:12:46,Morning,0:00:34,Mouse,Primary consumer,Omnivore,1,,,,,,,,,,,,,,,,,,,,,,,,,,,,,,,,,,,,,,,,,,,,,,,,,,,,,,,,,,,,,,,,,,,,,,,,,,,,,,,,,
D03-07,3/15/2020,Spring,146,11:54:09,Morning,0:00:01,Bird spp,Primary consumer,Omnivore,1,,,,,,,,,,,,,,,,,,,,,,,,,,,,,,,,,,,,,,,,,,,,,,,,,,,,,,,,,,,,,,,,,,,,,,,,,,,,,,,,,
D03-07,3/15/2020,Spring,147,19:24:03,Evening,0:00:01,Mouse,Primary consumer,Omnivore,1,,,,,,,,,,,,,,,,,,,,,,,,,,,,,,,,,,,,,,,,,,,,,,,,,,,,,,,,,,,,,,,,,,,,,,,,,,,,,,,,,
D03-07,3/19/2020,Spring,148,1:47:07,Night,0:00:01,Mouse,Primary consumer,Omnivore,1,,,,,,,,,,,,,,,,,,,,,,,,,,,,,,,,,,,,,,,,,,,,,,,,,,,,,,,,,,,,,,,,,,,,,,,,,,,,,,,,,
D03-07,3/19/2020,Spring,149,2:28:11,Night,0:00:01,Mouse,Primary consumer,Omnivore,1,,,,,,,,,,,,,,,,,,,,,,,,,,,,,,,,,,,,,,,,,,,,,,,,,,,,,,,,,,,,,,,,,,,,,,,,,,,,,,,,,
D03-07,3/25/2020,Spring,150,4:29:32,Night,0:03:01,Raccoon,Secondary consumer,Omnivore,2,,,,,,,,,,,,,,,,,,,,,,,,,,,,,,,,,,,,,,,,,,,,,,,,,,,,,,,,,,,,,,,,,,,,,,,,,,,,,,,,,
D03-07,3/25/2020,Spring,151,11:34:01,Morning,0:00:51,Bird spp,Primary consumer,Omnivore,1,,,,,,,,,,,,,,,,,,,,,,,,,,,,,,,,,,,,,,,,,,,,,,,,,,,,,,,,,,,,,,,,,,,,,,,,,,,,,,,,,
D03-07,3/25/2020,Spring,152,13:05:18,Afternoon,0:02:32,Coyote,Tertiary consumer,Meso-carnivore,1,,,,,,,,,,,,,,,,,,,,,,,,,,,,,,,,,,,,,,,,,,,,,,,,,,,,,,,,,,,,,,,,,,,,,,,,,,,,,,,,,
D03-07,3/25/2020,Spring,153,22:54:34,Evening,0:00:26,Mouse,Primary consumer,Omnivore,1,,,,,,,,,,,,,,,,,,,,,,,,,,,,,,,,,,,,,,,,,,,,,,,,,,,,,,,,,,,,,,,,,,,,,,,,,,,,,,,,,
D03-07,3/27/2020,Spring,154,14:28:23,Afternoon,0:00:01,Bird spp,Primary consumer,Omnivore,1,,,,,,,,,,,,,,,,,,,,,,,,,,,,,,,,,,,,,,,,,,,,,,,,,,,,,,,,,,,,,,,,,,,,,,,,,,,,,,,,,
D03-07,3/27/2020,Spring,155,15:59:09,Afternoon,0:00:01,Bird spp,Primary consumer,Omnivore,1,,,,,,,,,,,,,,,,,,,,,,,,,,,,,,,,,,,,,,,,,,,,,,,,,,,,,,,,,,,,,,,,,,,,,,,,,,,,,,,,,
D03-07,3/27/2020,Spring,156,22:30:21,Night,0:00:01,Mouse,Primary consumer,Omnivore,1,,,,,,,,,,,,,,,,,,,,,,,,,,,,,,,,,,,,,,,,,,,,,,,,,,,,,,,,,,,,,,,,,,,,,,,,,,,,,,,,,
D03-07,3/28/2020,Spring,157,3:06:50,Night,0:00:01,Mouse,Primary consumer,Omnivore,1,,,,,,,,,,,,,,,,,,,,,,,,,,,,,,,,,,,,,,,,,,,,,,,,,,,,,,,,,,,,,,,,,,,,,,,,,,,,,,,,,
D03-07,3/28/2020,Spring,158,7:07:18,Morning,0:00:12,Eastern gray squirrel,Primary consumer,Omnivore,1,,,,,,,,,,,,,,,,,,,,,,,,,,,,,,,,,,,,,,,,,,,,,,,,,,,,,,,,,,,,,,,,,,,,,,,,,,,,,,,,,
D03-07,3/30/2020,Spring,159,12:28:10,Afternoon,0:00:01,Bird spp,Primary consumer,Omnivore,1,,,,,,,,,,,,,,,,,,,,,,,,,,,,,,,,,,,,,,,,,,,,,,,,,,,,,,,,,,,,,,,,,,,,,,,,,,,,,,,,,
D03-07,3/31/2020,Spring,160,18:54:22,Evening,0:00:01,White-tailed deer,Primary consumer,Herbivore,1,,,,,,,,,,,,,,,,,,,,,,,,,,,,,,,,,,,,,,,,,,,,,,,,,,,,,,,,,,,,,,,,,,,,,,,,,,,,,,,,,
D03-07,4/1/2020,Spring,161,8:50:33,Morning,0:00:01,Bird spp,Primary consumer,Omnivore,1,,,,,,,,,,,,,,,,,,,,,,,,,,,,,,,,,,,,,,,,,,,,,,,,,,,,,,,,,,,,,,,,,,,,,,,,,,,,,,,,,
D03-07,4/1/2020,Spring,162,15:45:33,Afternoon,0:00:01,Bird spp,Primary consumer,Omnivore,1,,,,,,,,,,,,,,,,,,,,,,,,,,,,,,,,,,,,,,,,,,,,,,,,,,,,,,,,,,,,,,,,,,,,,,,,,,,,,,,,,
D03-07,4/3/2020,Spring,163,8:24:32,Morning,0:00:01,Bird spp,Primary consumer,Omnivore,1,,,,,,,,,,,,,,,,,,,,,,,,,,,,,,,,,,,,,,,,,,,,,,,,,,,,,,,,,,,,,,,,,,,,,,,,,,,,,,,,,
D03-07,4/9/2020,Spring,164,7:24:25,Morning,0:00:01,Eastern chipmunk,Primary consumer,Omnivore,1,,,,,,,,,,,,,,,,,,,,,,,,,,,,,,,,,,,,,,,,,,,,,,,,,,,,,,,,,,,,,,,,,,,,,,,,,,,,,,,,,
D03-07,4/9/2020,Spring,165,7:35:12,Morning,0:01:14,Bird spp,Primary consumer,Omnivore,1,,,,,,,,,,,,,,,,,,,,,,,,,,,,,,,,,,,,,,,,,,,,,,,,,,,,,,,,,,,,,,,,,,,,,,,,,,,,,,,,,
D03-07,4/11/2020,Spring,166,3:51:54,Night,0:00:01,Mouse,Primary consumer,Omnivore,1,,,,,,,,,,,,,,,,,,,,,,,,,,,,,,,,,,,,,,,,,,,,,,,,,,,,,,,,,,,,,,,,,,,,,,,,,,,,,,,,,
D03-07,4/15/2020,Spring,167,22:12:27,Night,0:02:32,Raccoon,Secondary consumer,Omnivore,1,,,,,,,,,,,,,,,,,,,,,,,,,,,,,,,,,,,,,,,,,,,,,,,,,,,,,,,,,,,,,,,,,,,,,,,,,,,,,,,,,
D06-07,3/3/2020,Spring,1,13:18:10,Afternoon,0:00:01,Bird spp,Primary consumer,Omnivore,1,,,,,,,,,,,,,,,,,,,,,,,,,,,,,,,,,,,,,,,,,,,,,,,,,,,,,,,,,,,,,,,,,,,,,,,,,,,,,,,,,
D06-07,3/3/2020,Spring,2,13:19:06,Afternoon,0:00:01,American crow,Secondary consumer,Omnivore,1,,,,,,,,,,,,,,,,,,,,,,,,,,,,,,,,,,,,,,,,,,,,,,,,,,,,,,,,,,,,,,,,,,,,,,,,,,,,,,,,,
D06-07,3/3/2020,Spring,3,20:58:55,Night,0:36:19,Bobcat,Tertiary consumer,Hyper-carnivore,1,,,,,,,,,,,,,,,,,,,,,,,,,,,,,,,,,,,,,,,,,,,,,,,,,,,,,,,,,,,,,,,,,,,,,,,,,,,,,,,,,
D06-07,3/4/2020,Spring,4,6:38:14,Morning,1:02:08,Bobcat,Tertiary consumer,Hyper-carnivore,1,,,,,,,,,,,,,,,,,,,,,,,,,,,,,,,,,,,,,,,,,,,,,,,,,,,,,,,,,,,,,,,,,,,,,,,,,,,,,,,,,
D06-07,3/4/2020,Spring,5,8:08:25,Morning,0:00:15,Bobcat,Tertiary consumer,Hyper-carnivore,1,,,,,,,,,,,,,,,,,,,,,,,,,,,,,,,,,,,,,,,,,,,,,,,,,,,,,,,,,,,,,,,,,,,,,,,,,,,,,,,,,
D06-07,3/4/2020,Spring,6,8:47:23,Morning,0:00:01,Bobcat,Tertiary consumer,Hyper-carnivore,1,,,,,,,,,,,,,,,,,,,,,,,,,,,,,,,,,,,,,,,,,,,,,,,,,,,,,,,,,,,,,,,,,,,,,,,,,,,,,,,,,
D06-07,3/4/2020,Spring,7,9:09:29,Morning,1:08:10,Bobcat,Tertiary consumer,Hyper-carnivore,1,,,,,,,,,,,,,,,,,,,,,,,,,,,,,,,,,,,,,,,,,,,,,,,,,,,,,,,,,,,,,,,,,,,,,,,,,,,,,,,,,
D06-07,3/4/2020,Spring,8,10:36:55,Morning,0:00:01,Bobcat,Tertiary consumer,Hyper-carnivore,1,,,,,,,,,,,,,,,,,,,,,,,,,,,,,,,,,,,,,,,,,,,,,,,,,,,,,,,,,,,,,,,,,,,,,,,,,,,,,,,,,
D06-07,3/4/2020,Spring,9,13:52:03,Afternoon,0:45:17,Bobcat,Tertiary consumer,Hyper-carnivore,1,,,,,,,,,,,,,,,,,,,,,,,,,,,,,,,,,,,,,,,,,,,,,,,,,,,,,,,,,,,,,,,,,,,,,,,,,,,,,,,,,
D06-07,3/4/2020,Spring,10,15:44:15,Afternoon,0:07:03,Bobcat,Tertiary consumer,Hyper-carnivore,1,,,,,,,,,,,,,,,,,,,,,,,,,,,,,,,,,,,,,,,,,,,,,,,,,,,,,,,,,,,,,,,,,,,,,,,,,,,,,,,,,
D06-07,3/4/2020,Spring,11,16:06:11,Afternoon,0:00:01,Bobcat,Tertiary consumer,Hyper-carnivore,1,,,,,,,,,,,,,,,,,,,,,,,,,,,,,,,,,,,,,,,,,,,,,,,,,,,,,,,,,,,,,,,,,,,,,,,,,,,,,,,,,
D06-07,3/4/2020,Spring,12,17:01:08,Evening,0:00:18,Bobcat,Tertiary consumer,Hyper-carnivore,1,,,,,,,,,,,,,,,,,,,,,,,,,,,,,,,,,,,,,,,,,,,,,,,,,,,,,,,,,,,,,,,,,,,,,,,,,,,,,,,,,
D06-07,3/4/2020,Spring,13,17:58:53,Evening,0:13:18,Bobcat,Tertiary consumer,Hyper-carnivore,1,,,,,,,,,,,,,,,,,,,,,,,,,,,,,,,,,,,,,,,,,,,,,,,,,,,,,,,,,,,,,,,,,,,,,,,,,,,,,,,,,
D06-07,3/4/2020,Spring,14,18:28:09,Evening,0:00:41,Bobcat,Tertiary consumer,Hyper-carnivore,1,,,,,,,,,,,,,,,,,,,,,,,,,,,,,,,,,,,,,,,,,,,,,,,,,,,,,,,,,,,,,,,,,,,,,,,,,,,,,,,,,
D06-07,3/4/2020,Spring,15,18:38:58,Evening,0:13:50,Bobcat,Tertiary consumer,Hyper-carnivore,1,,,,,,,,,,,,,,,,,,,,,,,,,,,,,,,,,,,,,,,,,,,,,,,,,,,,,,,,,,,,,,,,,,,,,,,,,,,,,,,,,
D06-07,3/5/2020,Spring,16,5:21:57,Morning,1:08:50,Bobcat,Tertiary consumer,Hyper-carnivore,1,,,,,,,,,,,,,,,,,,,,,,,,,,,,,,,,,,,,,,,,,,,,,,,,,,,,,,,,,,,,,,,,,,,,,,,,,,,,,,,,,
D06-07,3/5/2020,Spring,17,8:19:12,Morning,9:49:16,Bobcat,Tertiary consumer,Hyper-carnivore,1,,,,,,,,,,,,,,,,,,,,,,,,,,,,,,,,,,,,,,,,,,,,,,,,,,,,,,,,,,,,,,,,,,,,,,,,,,,,,,,,,
D06-07,3/5/2020,Spring,18,8:47:56,Morning,0:28:40,Bobcat,Tertiary consumer,Hyper-carnivore,1,,,,,,,,,,,,,,,,,,,,,,,,,,,,,,,,,,,,,,,,,,,,,,,,,,,,,,,,,,,,,,,,,,,,,,,,,,,,,,,,,
D06-07,3/5/2020,Spring,19,10:02:07,Morning,0:00:01,Bobcat,Tertiary consumer,Hyper-carnivore,1,,,,,,,,,,,,,,,,,,,,,,,,,,,,,,,,,,,,,,,,,,,,,,,,,,,,,,,,,,,,,,,,,,,,,,,,,,,,,,,,,
D06-07,3/5/2020,Spring,20,10:24:08,Morning,0:18:20,Bobcat,Tertiary consumer,Hyper-carnivore,1,,,,,,,,,,,,,,,,,,,,,,,,,,,,,,,,,,,,,,,,,,,,,,,,,,,,,,,,,,,,,,,,,,,,,,,,,,,,,,,,,
D06-07,3/5/2020,Spring,21,17:25:35,Evening,0:04:19,Bobcat,Tertiary consumer,Hyper-carnivore,1,,,,,,,,,,,,,,,,,,,,,,,,,,,,,,,,,,,,,,,,,,,,,,,,,,,,,,,,,,,,,,,,,,,,,,,,,,,,,,,,,
D06-07,3/5/2020,Spring,22,18:08:28,Evening,0:47:29,Bobcat,Tertiary consumer,Hyper-carnivore,1,,,,,,,,,,,,,,,,,,,,,,,,,,,,,,,,,,,,,,,,,,,,,,,,,,,,,,,,,,,,,,,,,,,,,,,,,,,,,,,,,
D06-07,3/5/2020,Spring,23,19:09:04,Evening,0:34:51,Bobcat,Tertiary consumer,Hyper-carnivore,1,,,,,,,,,,,,,,,,,,,,,,,,,,,,,,,,,,,,,,,,,,,,,,,,,,,,,,,,,,,,,,,,,,,,,,,,,,,,,,,,,
D06-07,3/5/2020,Spring,24,23:56:46,Night,0:15:10,Bobcat,Tertiary consumer,Hyper-carnivore,1,,,,,,,,,,,,,,,,,,,,,,,,,,,,,,,,,,,,,,,,,,,,,,,,,,,,,,,,,,,,,,,,,,,,,,,,,,,,,,,,,
D06-07,3/6/2020,Spring,25,3:05:32,Night,0:00:01,Coyote,Tertiary consumer,Meso-carnivore,1,,,,,,,,,,,,,,,,,,,,,,,,,,,,,,,,,,,,,,,,,,,,,,,,,,,,,,,,,,,,,,,,,,,,,,,,,,,,,,,,,
D06-07,3/6/2020,Spring,26,3:06:47,Night,0:00:01,Bobcat,Tertiary consumer,Hyper-carnivore,1,,,,,,,,,,,,,,,,,,,,,,,,,,,,,,,,,,,,,,,,,,,,,,,,,,,,,,,,,,,,,,,,,,,,,,,,,,,,,,,,,
D06-07,3/6/2020,Spring,27,3:33:09,Night,0:29:56,Bobcat,Tertiary consumer,Hyper-carnivore,1,,,,,,,,,,,,,,,,,,,,,,,,,,,,,,,,,,,,,,,,,,,,,,,,,,,,,,,,,,,,,,,,,,,,,,,,,,,,,,,,,
D06-07,3/6/2020,Spring,28,4:00:53,Night,0:34:49,Coyote,Tertiary consumer,Meso-carnivore,2,,,,,,,,,,,,,,,,,,,,,,,,,,,,,,,,,,,,,,,,,,,,,,,,,,,,,,,,,,,,,,,,,,,,,,,,,,,,,,,,,
D06-07,3/6/2020,Spring,29,4:50:19,Night-Morning,0:35:34,Bobcat,Tertiary consumer,Hyper-carnivore,1,,,,,,,,,,,,,,,,,,,,,,,,,,,,,,,,,,,,,,,,,,,,,,,,,,,,,,,,,,,,,,,,,,,,,,,,,,,,,,,,,
D06-07,3/6/2020,Spring,30,5:27:03,Morning,0:05:37,Coyote,Tertiary consumer,Meso-carnivore,1,,,,,,,,,,,,,,,,,,,,,,,,,,,,,,,,,,,,,,,,,,,,,,,,,,,,,,,,,,,,,,,,,,,,,,,,,,,,,,,,,
D06-07,3/6/2020,Spring,31,6:17:20,Morning,0:40:34,Bobcat,Tertiary consumer,Hyper-carnivore,1,,,,,,,,,,,,,,,,,,,,,,,,,,,,,,,,,,,,,,,,,,,,,,,,,,,,,,,,,,,,,,,,,,,,,,,,,,,,,,,,,
D06-07,3/6/2020,Spring,32,8:11:51,Morning,0:15:33,Bobcat,Tertiary consumer,Hyper-carnivore,1,,,,,,,,,,,,,,,,,,,,,,,,,,,,,,,,,,,,,,,,,,,,,,,,,,,,,,,,,,,,,,,,,,,,,,,,,,,,,,,,,
D06-07,3/6/2020,Spring,33,8:40:00,Morning,0:30:19,Bobcat,Tertiary consumer,Hyper-carnivore,1,,,,,,,,,,,,,,,,,,,,,,,,,,,,,,,,,,,,,,,,,,,,,,,,,,,,,,,,,,,,,,,,,,,,,,,,,,,,,,,,,
D06-07,3/6/2020,Spring,34,9:31:41,Morning,0:00:01,Bobcat,Tertiary consumer,Hyper-carnivore,1,,,,,,,,,,,,,,,,,,,,,,,,,,,,,,,,,,,,,,,,,,,,,,,,,,,,,,,,,,,,,,,,,,,,,,,,,,,,,,,,,
D06-07,3/6/2020,Spring,35,9:45:35,Morning,0:06:28,Bobcat,Tertiary consumer,Hyper-carnivore,1,,,,,,,,,,,,,,,,,,,,,,,,,,,,,,,,,,,,,,,,,,,,,,,,,,,,,,,,,,,,,,,,,,,,,,,,,,,,,,,,,
D06-07,3/6/2020,Spring,36,10:05:37,Morning,0:21:54,Bobcat,Tertiary consumer,Hyper-carnivore,1,,,,,,,,,,,,,,,,,,,,,,,,,,,,,,,,,,,,,,,,,,,,,,,,,,,,,,,,,,,,,,,,,,,,,,,,,,,,,,,,,
D06-07,3/6/2020,Spring,37,15:48:23,Afternoon,0:07:46,Bobcat,Tertiary consumer,Hyper-carnivore,1,,,,,,,,,,,,,,,,,,,,,,,,,,,,,,,,,,,,,,,,,,,,,,,,,,,,,,,,,,,,,,,,,,,,,,,,,,,,,,,,,
D06-07,3/6/2020,Spring,38,17:06:37,Evening,0:54:17,Bobcat,Tertiary consumer,Hyper-carnivore,1,,,,,,,,,,,,,,,,,,,,,,,,,,,,,,,,,,,,,,,,,,,,,,,,,,,,,,,,,,,,,,,,,,,,,,,,,,,,,,,,,
D06-07,3/6/2020,Spring,39,22:25:52,Night,0:08:31,Coyote,Tertiary consumer,Meso-carnivore,1,,,,,,,,,,,,,,,,,,,,,,,,,,,,,,,,,,,,,,,,,,,,,,,,,,,,,,,,,,,,,,,,,,,,,,,,,,,,,,,,,
D06-07,3/6/2020,Spring,40,23:59:38,Night,0:00:11,Bobcat,Tertiary consumer,Hyper-carnivore,1,,,,,,,,,,,,,,,,,,,,,,,,,,,,,,,,,,,,,,,,,,,,,,,,,,,,,,,,,,,,,,,,,,,,,,,,,,,,,,,,,
D06-07,3/7/2020,Spring,41,1:21:35,Night,0:00:01,Coyote,Tertiary consumer,Meso-carnivore,1,,,,,,,,,,,,,,,,,,,,,,,,,,,,,,,,,,,,,,,,,,,,,,,,,,,,,,,,,,,,,,,,,,,,,,,,,,,,,,,,,
D06-07,3/7/2020,Spring,42,3:35:44,Night,0:00:40,Bobcat,Tertiary consumer,Hyper-carnivore,1,,,,,,,,,,,,,,,,,,,,,,,,,,,,,,,,,,,,,,,,,,,,,,,,,,,,,,,,,,,,,,,,,,,,,,,,,,,,,,,,,
D06-07,3/7/2020,Spring,43,4:40:57,Night-Morning,0:33:12,Bobcat,Tertiary consumer,Hyper-carnivore,1,,,,,,,,,,,,,,,,,,,,,,,,,,,,,,,,,,,,,,,,,,,,,,,,,,,,,,,,,,,,,,,,,,,,,,,,,,,,,,,,,
D06-07,3/7/2020,Spring,44,5:52:56,Morning,0:00:26,Bobcat,Tertiary consumer,Hyper-carnivore,1,,,,,,,,,,,,,,,,,,,,,,,,,,,,,,,,,,,,,,,,,,,,,,,,,,,,,,,,,,,,,,,,,,,,,,,,,,,,,,,,,
D06-07,3/7/2020,Spring,45,11:39:19,Morning,0:09:20,Bobcat,Tertiary consumer,Hyper-carnivore,1,,,,,,,,,,,,,,,,,,,,,,,,,,,,,,,,,,,,,,,,,,,,,,,,,,,,,,,,,,,,,,,,,,,,,,,,,,,,,,,,,
D06-07,3/7/2020,Spring,46,14:32:53,Afternoon,0:00:01,Red-tailed hawk,Tertiary consumer,Hyper-carnivore,1,,,,,,,,,,,,,,,,,,,,,,,,,,,,,,,,,,,,,,,,,,,,,,,,,,,,,,,,,,,,,,,,,,,,,,,,,,,,,,,,,
D06-07,3/7/2020,Spring,47,14:58:47,Afternoon,0:00:01,Red-tailed hawk,Tertiary consumer,Hyper-carnivore,1,,,,,,,,,,,,,,,,,,,,,,,,,,,,,,,,,,,,,,,,,,,,,,,,,,,,,,,,,,,,,,,,,,,,,,,,,,,,,,,,,
D06-07,3/7/2020,Spring,48,15:14:14,Afternoon,0:00:01,Common raven,Secondary consumer,Omnivore,1,,,,,,,,,,,,,,,,,,,,,,,,,,,,,,,,,,,,,,,,,,,,,,,,,,,,,,,,,,,,,,,,,,,,,,,,,,,,,,,,,
D06-07,3/7/2020,Spring,49,15:57:42,Afternoon,0:00:01,Red-tailed hawk,Tertiary consumer,Hyper-carnivore,1,,,,,,,,,,,,,,,,,,,,,,,,,,,,,,,,,,,,,,,,,,,,,,,,,,,,,,,,,,,,,,,,,,,,,,,,,,,,,,,,,
D06-07,3/7/2020,Spring,50,16:14:12,Afternoon,0:00:01,Red-tailed hawk,Tertiary consumer,Hyper-carnivore,1,,,,,,,,,,,,,,,,,,,,,,,,,,,,,,,,,,,,,,,,,,,,,,,,,,,,,,,,,,,,,,,,,,,,,,,,,,,,,,,,,
D06-07,3/7/2020,Spring,51,16:26:42,Afternoon,0:00:01,Bald eagle,Tertiary consumer,Hyper-carnivore,1,,,,,,,,,,,,,,,,,,,,,,,,,,,,,,,,,,,,,,,,,,,,,,,,,,,,,,,,,,,,,,,,,,,,,,,,,,,,,,,,,
D06-07,3/7/2020,Spring,52,16:29:27,Afternoon,0:04:30,Common raven,Secondary consumer,Omnivore,2,,,,,,,,,,,,,,,,,,,,,,,,,,,,,,,,,,,,,,,,,,,,,,,,,,,,,,,,,,,,,,,,,,,,,,,,,,,,,,,,,
D06-07,3/7/2020,Spring,53,16:33:57,Afternoon,0:05:28,Bald eagle,Tertiary consumer,Hyper-carnivore,1,,,,,,,,,,,,,,,,,,,,,,,,,,,,,,,,,,,,,,,,,,,,,,,,,,,,,,,,,,,,,,,,,,,,,,,,,,,,,,,,,
D06-07,3/8/2020,Spring,54,2:38:52,Night,0:00:01,Coyote,Tertiary consumer,Meso-carnivore,1,,,,,,,,,,,,,,,,,,,,,,,,,,,,,,,,,,,,,,,,,,,,,,,,,,,,,,,,,,,,,,,,,,,,,,,,,,,,,,,,,
D06-07,3/8/2020,Spring,55,3:32:39,Night,0:10:34,Coyote,Tertiary consumer,Meso-carnivore,1,,,,,,,,,,,,,,,,,,,,,,,,,,,,,,,,,,,,,,,,,,,,,,,,,,,,,,,,,,,,,,,,,,,,,,,,,,,,,,,,,
D06-07,3/8/2020,Spring,56,4:26:46,Night,0:01:25,Coyote,Tertiary consumer,Meso-carnivore,1,,,,,,,,,,,,,,,,,,,,,,,,,,,,,,,,,,,,,,,,,,,,,,,,,,,,,,,,,,,,,,,,,,,,,,,,,,,,,,,,,
D06-07,3/8/2020,Spring,57,8:16:21,Morning,0:02:08,Bobcat,Tertiary consumer,Hyper-carnivore,1,,,,,,,,,,,,,,,,,,,,,,,,,,,,,,,,,,,,,,,,,,,,,,,,,,,,,,,,,,,,,,,,,,,,,,,,,,,,,,,,,
D06-07,3/8/2020,Spring,58,9:13:14,Morning,0:00:01,Common raven,Secondary consumer,Omnivore,1,,,,,,,,,,,,,,,,,,,,,,,,,,,,,,,,,,,,,,,,,,,,,,,,,,,,,,,,,,,,,,,,,,,,,,,,,,,,,,,,,
D06-07,3/8/2020,Spring,59,10:47:36,Morning,0:00:01,Common raven,Secondary consumer,Omnivore,1,,,,,,,,,,,,,,,,,,,,,,,,,,,,,,,,,,,,,,,,,,,,,,,,,,,,,,,,,,,,,,,,,,,,,,,,,,,,,,,,,
D06-07,3/8/2020,Spring,60,11:23:25,Morning,0:00:01,Golden Eagle,Tertiary consumer,Hyper-carnivore,1,,,,,,,,,,,,,,,,,,,,,,,,,,,,,,,,,,,,,,,,,,,,,,,,,,,,,,,,,,,,,,,,,,,,,,,,,,,,,,,,,
D06-07,3/8/2020,Spring,61,12:25:14,Afternoon,0:00:01,Golden Eagle,Tertiary consumer,Hyper-carnivore,1,,,,,,,,,,,,,,,,,,,,,,,,,,,,,,,,,,,,,,,,,,,,,,,,,,,,,,,,,,,,,,,,,,,,,,,,,,,,,,,,,
D06-07,3/8/2020,Spring,62,18:29:12,Evening,0:00:01,Opossum,Secondary consumer,Omnivore,1,,,,,,,,,,,,,,,,,,,,,,,,,,,,,,,,,,,,,,,,,,,,,,,,,,,,,,,,,,,,,,,,,,,,,,,,,,,,,,,,,
D06-07,3/16/2020,Spring,63,23:17:39,Night,0:00:01,Opossum,Secondary consumer,Omnivore,1,,,,,,,,,,,,,,,,,,,,,,,,,,,,,,,,,,,,,,,,,,,,,,,,,,,,,,,,,,,,,,,,,,,,,,,,,,,,,,,,,
D06-07,3/17/2020,Spring,64,18:29:35,Evening,0:01:15,Coyote,Tertiary consumer,Meso-carnivore,1,,,,,,,,,,,,,,,,,,,,,,,,,,,,,,,,,,,,,,,,,,,,,,,,,,,,,,,,,,,,,,,,,,,,,,,,,,,,,,,,,
D06-07,3/17/2020,Spring,65,18:57:34,Evening,0:03:08,Coyote,Tertiary consumer,Meso-carnivore,1,,,,,,,,,,,,,,,,,,,,,,,,,,,,,,,,,,,,,,,,,,,,,,,,,,,,,,,,,,,,,,,,,,,,,,,,,,,,,,,,,
D06-07,3/20/2020,Spring,66,1:50:34,Night,0:00:01,Bobcat,Tertiary consumer,Hyper-carnivore,1,,,,,,,,,,,,,,,,,,,,,,,,,,,,,,,,,,,,,,,,,,,,,,,,,,,,,,,,,,,,,,,,,,,,,,,,,,,,,,,,,
D06-07,3/31/2020,Spring,67,4:50:47,Night,0:02:58,Coyote,Tertiary consumer,Meso-carnivore,1,,,,,,,,,,,,,,,,,,,,,,,,,,,,,,,,,,,,,,,,,,,,,,,,,,,,,,,,,,,,,,,,,,,,,,,,,,,,,,,,,
D06-07,4/10/2020,Spring,68,1:02:58,Night,0:00:01,Coyote,Tertiary consumer,Meso-carnivore,1,,,,,,,,,,,,,,,,,,,,,,,,,,,,,,,,,,,,,,,,,,,,,,,,,,,,,,,,,,,,,,,,,,,,,,,,,,,,,,,,,
D06-07,4/18/2020,Spring,69,19:16:38,Evening,0:09:13,Raccoon,Secondary consumer,Omnivore,1,,,,,,,,,,,,,,,,,,,,,,,,,,,,,,,,,,,,,,,,,,,,,,,,,,,,,,,,,,,,,,,,,,,,,,,,,,,,,,,,,
D06-07,5/18/2020,Spring,70,10:27:06,Morning,0:00:10,White-tailed deer,Primary consumer,Herbivore,1,,,,,,,,,,,,,,,,,,,,,,,,,,,,,,,,,,,,,,,,,,,,,,,,,,,,,,,,,,,,,,,,,,,,,,,,,,,,,,,,,
D06-07,5/19/2020,Spring,71,21:04:31,Night,0:01:08,Coyote,Tertiary consumer,Meso-carnivore,1,,,,,,,,,,,,,,,,,,,,,,,,,,,,,,,,,,,,,,,,,,,,,,,,,,,,,,,,,,,,,,,,,,,,,,,,,,,,,,,,,
D06-07,5/21/2020,Spring,72,4:08:42,Morning,0:00:01,Coyote,Tertiary consumer,Meso-carnivore,1,,,,,,,,,,,,,,,,,,,,,,,,,,,,,,,,,,,,,,,,,,,,,,,,,,,,,,,,,,,,,,,,,,,,,,,,,,,,,,,,,
D06-07,5/21/2020,Spring,73,14:21:00,Afternoon,0:00:11,White-tailed deer,Primary consumer,Herbivore,1,,,,,,,,,,,,,,,,,,,,,,,,,,,,,,,,,,,,,,,,,,,,,,,,,,,,,,,,,,,,,,,,,,,,,,,,,,,,,,,,,
D06-07,6/8/2020,Summer,74,19:51:05,Evening,0:00:22,White-tailed deer,Primary consumer,Herbivore,1,,,,,,,,,,,,,,,,,,,,,,,,,,,,,,,,,,,,,,,,,,,,,,,,,,,,,,,,,,,,,,,,,,,,,,,,,,,,,,,,,
D06-07,6/10/2020,Summer,75,16:57:19,Afternoon,0:02:04,White-tailed deer,Primary consumer,Herbivore,1,,,,,,,,,,,,,,,,,,,,,,,,,,,,,,,,,,,,,,,,,,,,,,,,,,,,,,,,,,,,,,,,,,,,,,,,,,,,,,,,,
D06-07,6/11/2020,Summer,76,17:43:44,Evening,0:00:01,Coyote,Tertiary consumer,Meso-carnivore,1,,,,,,,,,,,,,,,,,,,,,,,,,,,,,,,,,,,,,,,,,,,,,,,,,,,,,,,,,,,,,,,,,,,,,,,,,,,,,,,,,
D06-07,6/18/2020,Summer,77,8:33:41,Morning,0:00:24,American black bear,Apex predator,Hypo-carnivore,1,,,,,,,,,,,,,,,,,,,,,,,,,,,,,,,,,,,,,,,,,,,,,,,,,,,,,,,,,,,,,,,,,,,,,,,,,,,,,,,,,
D06-07,6/19/2020,Summer,78,12:16:21,Afternoon,0:00:01,American black bear,Apex predator,Hypo-carnivore,1,,,,,,,,,,,,,,,,,,,,,,,,,,,,,,,,,,,,,,,,,,,,,,,,,,,,,,,,,,,,,,,,,,,,,,,,,,,,,,,,,
D06-07,6/22/2020,Summer,79,13:43:53,Afternoon,0:00:01,White-tailed deer,Primary consumer,Herbivore,1,,,,,,,,,,,,,,,,,,,,,,,,,,,,,,,,,,,,,,,,,,,,,,,,,,,,,,,,,,,,,,,,,,,,,,,,,,,,,,,,,
D06-07,6/22/2020,Summer,80,18:02:55,Evening,0:00:01,American black bear,Apex predator,Hypo-carnivore,1,,,,,,,,,,,,,,,,,,,,,,,,,,,,,,,,,,,,,,,,,,,,,,,,,,,,,,,,,,,,,,,,,,,,,,,,,,,,,,,,,
