Station,Date,Duration,Event #,Common Name,Trophic Level,Feeding Mode,No. of Individuals,Species Interacting,No. of Species,,,,,,,,,,,,,,,,,,,,,,,,,,,,,,,,,,,,,,,,,,,,,,,,,,,,,,,,,,,,,,,,,,,,,,,,,,,,,,,,,
D03-21,7/15/2019,0:05:25,1,Human,na,na,1,Single Species,#N/A,,,,,,,,,,,,,,,,,,,,,,,,,,,,,,,,,,,,,,,,,,,,,,,,,,,,,,,,,,,,,,,,,,,,,,,,,,,,,,,,,
D03-21,7/15/2019,0:02:37,2,Turkey Vulture,Tertiary consumer,Obligate scavenger ,1,Single Species,#N/A,,,,,,,,,,,,,,,,,,,,,,,,,,,,,,,,,,,,,,,,,,,,,,,,,,,,,,,,,,,,,,,,,,,,,,,,,,,,,,,,,
D03-21,7/15/2019,0:00:01,3,Turkey Vulture,Tertiary consumer,Obligate scavenger ,1,Single Species,#N/A,,,,,,,,,,,,,,,,,,,,,,,,,,,,,,,,,,,,,,,,,,,,,,,,,,,,,,,,,,,,,,,,,,,,,,,,,,,,,,,,,
D03-21,7/15/2019,0:00:01,4,Coyote,Tertiary consumer,Meso-carnivore,1,Single Species,#N/A,,,,,,,,,,,,,,,,,,,,,,,,,,,,,,,,,,,,,,,,,,,,,,,,,,,,,,,,,,,,,,,,,,,,,,,,,,,,,,,,,
D03-21,7/16/2019,0:00:01,5,Turkey Vulture,Tertiary consumer,Obligate scavenger ,3,Single Species,#N/A,,,,,,,,,,,,,,,,,,,,,,,,,,,,,,,,,,,,,,,,,,,,,,,,,,,,,,,,,,,,,,,,,,,,,,,,,,,,,,,,,
D03-21,7/16/2019,0:22:17,6,Turkey Vulture,Tertiary consumer,Obligate scavenger ,2,Single Species,#N/A,,,,,,,,,,,,,,,,,,,,,,,,,,,,,,,,,,,,,,,,,,,,,,,,,,,,,,,,,,,,,,,,,,,,,,,,,,,,,,,,,
D03-21,7/16/2019,0:06:10,7,Unknown,na,na,1,Single Species,#N/A,,,,,,,,,,,,,,,,,,,,,,,,,,,,,,,,,,,,,,,,,,,,,,,,,,,,,,,,,,,,,,,,,,,,,,,,,,,,,,,,,
D03-21,7/16/2019,0:36:01,8,Black Bear,Apex predator,Hypo-carnivore,2,Single Species,#N/A,,,,,,,,,,,,,,,,,,,,,,,,,,,,,,,,,,,,,,,,,,,,,,,,,,,,,,,,,,,,,,,,,,,,,,,,,,,,,,,,,
D03-21,7/16/2019,0:01:38,9,Coyote,Tertiary consumer,Meso-carnivore,2,Single Species,#N/A,,,,,,,,,,,,,,,,,,,,,,,,,,,,,,,,,,,,,,,,,,,,,,,,,,,,,,,,,,,,,,,,,,,,,,,,,,,,,,,,,
D03-21,7/17/2019,0:20:11,10,Black Bear,Apex predator,Hypo-carnivore,1,Single Species,#N/A,,,,,,,,,,,,,,,,,,,,,,,,,,,,,,,,,,,,,,,,,,,,,,,,,,,,,,,,,,,,,,,,,,,,,,,,,,,,,,,,,
D03-21,7/17/2019,0:00:33,11,Turkey Vulture,Tertiary consumer,Obligate scavenger ,2,Single Species,#N/A,,,,,,,,,,,,,,,,,,,,,,,,,,,,,,,,,,,,,,,,,,,,,,,,,,,,,,,,,,,,,,,,,,,,,,,,,,,,,,,,,
D03-21,7/17/2019,0:00:18,12,Turkey Vulture,Tertiary consumer,Obligate scavenger ,2,Bear/bird,2,,,,,,,,,,,,,,,,,,,,,,,,,,,,,,,,,,,,,,,,,,,,,,,,,,,,,,,,,,,,,,,,,,,,,,,,,,,,,,,,,
D03-21,7/17/2019,0:00:18,13,Black Bear,Apex predator,Hypo-carnivore,2,Bear/bird,2,,,,,,,,,,,,,,,,,,,,,,,,,,,,,,,,,,,,,,,,,,,,,,,,,,,,,,,,,,,,,,,,,,,,,,,,,,,,,,,,,
D03-21,7/17/2019,0:00:01,14,Turkey Vulture,Tertiary consumer,Obligate scavenger ,3,Single Species,#N/A,,,,,,,,,,,,,,,,,,,,,,,,,,,,,,,,,,,,,,,,,,,,,,,,,,,,,,,,,,,,,,,,,,,,,,,,,,,,,,,,,
D03-21,7/18/2019,0:00:01,15,Turkey Vulture,Tertiary consumer,Obligate scavenger ,1,Single Species,#N/A,,,,,,,,,,,,,,,,,,,,,,,,,,,,,,,,,,,,,,,,,,,,,,,,,,,,,,,,,,,,,,,,,,,,,,,,,,,,,,,,,
D03-21,7/18/2019,0:00:01,16,White-tailed Deer,Primary consumer,Herbivore,1,Single Species,#N/A,,,,,,,,,,,,,,,,,,,,,,,,,,,,,,,,,,,,,,,,,,,,,,,,,,,,,,,,,,,,,,,,,,,,,,,,,,,,,,,,,
D03-21,7/19/2019,0:00:18,17,Coyote,Tertiary consumer,Meso-carnivore,1,Single Species,#N/A,,,,,,,,,,,,,,,,,,,,,,,,,,,,,,,,,,,,,,,,,,,,,,,,,,,,,,,,,,,,,,,,,,,,,,,,,,,,,,,,,
D03-21,7/19/2019,0:03:46,18,Coyote,Tertiary consumer,Meso-carnivore,1,Single Species,#N/A,,,,,,,,,,,,,,,,,,,,,,,,,,,,,,,,,,,,,,,,,,,,,,,,,,,,,,,,,,,,,,,,,,,,,,,,,,,,,,,,,
D03-21,7/19/2019,0:00:01,19,Turkey Vulture,Tertiary consumer,Obligate scavenger ,2,Single Species,#N/A,,,,,,,,,,,,,,,,,,,,,,,,,,,,,,,,,,,,,,,,,,,,,,,,,,,,,,,,,,,,,,,,,,,,,,,,,,,,,,,,,
D03-21,7/20/2019,0:00:01,20,Turkey Vulture,Tertiary consumer,Obligate scavenger ,2,Single Species,#N/A,,,,,,,,,,,,,,,,,,,,,,,,,,,,,,,,,,,,,,,,,,,,,,,,,,,,,,,,,,,,,,,,,,,,,,,,,,,,,,,,,
D03-21,7/21/2019,0:48:13,21,Coyote,Tertiary consumer,Meso-carnivore,1,Single Species,#N/A,,,,,,,,,,,,,,,,,,,,,,,,,,,,,,,,,,,,,,,,,,,,,,,,,,,,,,,,,,,,,,,,,,,,,,,,,,,,,,,,,
D03-21,7/21/2019,0:00:10,22,Eastern Gray Squirrel,Primary consumer,Omnivore,1,Single Species,#N/A,,,,,,,,,,,,,,,,,,,,,,,,,,,,,,,,,,,,,,,,,,,,,,,,,,,,,,,,,,,,,,,,,,,,,,,,,,,,,,,,,
D03-21,7/22/2019,0:10:25,23,White-tailed Deer,Primary consumer,Herbivore,4,Single Species,#N/A,,,,,,,,,,,,,,,,,,,,,,,,,,,,,,,,,,,,,,,,,,,,,,,,,,,,,,,,,,,,,,,,,,,,,,,,,,,,,,,,,
D03-21,7/22/2019,0:00:01,24,Turkey Vulture,Tertiary consumer,Obligate scavenger ,1,Single Species,#N/A,,,,,,,,,,,,,,,,,,,,,,,,,,,,,,,,,,,,,,,,,,,,,,,,,,,,,,,,,,,,,,,,,,,,,,,,,,,,,,,,,
D03-21,7/22/2019,0:00:01,25,Turkey Vulture,Tertiary consumer,Obligate scavenger ,2,Single Species,#N/A,,,,,,,,,,,,,,,,,,,,,,,,,,,,,,,,,,,,,,,,,,,,,,,,,,,,,,,,,,,,,,,,,,,,,,,,,,,,,,,,,
D03-21,7/22/2019,0:04:06,26,White-tailed Deer,Primary consumer,Herbivore,1,Single Species,#N/A,,,,,,,,,,,,,,,,,,,,,,,,,,,,,,,,,,,,,,,,,,,,,,,,,,,,,,,,,,,,,,,,,,,,,,,,,,,,,,,,,
D03-21,7/23/2019,0:00:15,27,Coyote,Tertiary consumer,Meso-carnivore,1,Single Species,#N/A,,,,,,,,,,,,,,,,,,,,,,,,,,,,,,,,,,,,,,,,,,,,,,,,,,,,,,,,,,,,,,,,,,,,,,,,,,,,,,,,,
D03-21,7/23/2019,0:00:01,28,Turkey Vulture,Tertiary consumer,Obligate scavenger ,1,Single Species,#N/A,,,,,,,,,,,,,,,,,,,,,,,,,,,,,,,,,,,,,,,,,,,,,,,,,,,,,,,,,,,,,,,,,,,,,,,,,,,,,,,,,
D03-21,7/23/2019,0:00:01,29,Turkey Vulture,Tertiary consumer,Obligate scavenger ,1,Single Species,#N/A,,,,,,,,,,,,,,,,,,,,,,,,,,,,,,,,,,,,,,,,,,,,,,,,,,,,,,,,,,,,,,,,,,,,,,,,,,,,,,,,,
D03-21,7/24/2019,0:30:22,30,Black Bear,Apex predator,Hypo-carnivore,1,Single Species,#N/A,,,,,,,,,,,,,,,,,,,,,,,,,,,,,,,,,,,,,,,,,,,,,,,,,,,,,,,,,,,,,,,,,,,,,,,,,,,,,,,,,
D03-21,7/25/2019,0:00:01,31,Black Bear,Apex predator,Hypo-carnivore,1,Single Species,#N/A,,,,,,,,,,,,,,,,,,,,,,,,,,,,,,,,,,,,,,,,,,,,,,,,,,,,,,,,,,,,,,,,,,,,,,,,,,,,,,,,,
D03-21,7/25/2019,0:00:01,32,White-tailed Deer,Primary consumer,Herbivore,1,Single Species,#N/A,,,,,,,,,,,,,,,,,,,,,,,,,,,,,,,,,,,,,,,,,,,,,,,,,,,,,,,,,,,,,,,,,,,,,,,,,,,,,,,,,
D03-21,7/26/2019,0:05:23,33,Coyote,Tertiary consumer,Meso-carnivore,1,Single Species,#N/A,,,,,,,,,,,,,,,,,,,,,,,,,,,,,,,,,,,,,,,,,,,,,,,,,,,,,,,,,,,,,,,,,,,,,,,,,,,,,,,,,
D03-21,7/26/2019,0:05:25,34,Black Bear,Apex predator,Hypo-carnivore,1,Single Species,#N/A,,,,,,,,,,,,,,,,,,,,,,,,,,,,,,,,,,,,,,,,,,,,,,,,,,,,,,,,,,,,,,,,,,,,,,,,,,,,,,,,,
D03-21,7/27/2019,0:08:53,35,Coyote,Tertiary consumer,Meso-carnivore,1,Single Species,#N/A,,,,,,,,,,,,,,,,,,,,,,,,,,,,,,,,,,,,,,,,,,,,,,,,,,,,,,,,,,,,,,,,,,,,,,,,,,,,,,,,,
D03-21,7/27/2019,0:01:12,36,Black Bear,Apex predator,Hypo-carnivore,1,Single Species,#N/A,,,,,,,,,,,,,,,,,,,,,,,,,,,,,,,,,,,,,,,,,,,,,,,,,,,,,,,,,,,,,,,,,,,,,,,,,,,,,,,,,
D03-21,7/27/2019,0:00:01,37,White-tailed Deer,Primary consumer,Herbivore,1,Single Species,#N/A,,,,,,,,,,,,,,,,,,,,,,,,,,,,,,,,,,,,,,,,,,,,,,,,,,,,,,,,,,,,,,,,,,,,,,,,,,,,,,,,,
D03-21,7/28/2019,0:21:21,38,Black Bear,Apex predator,Hypo-carnivore,1,Single Species,#N/A,,,,,,,,,,,,,,,,,,,,,,,,,,,,,,,,,,,,,,,,,,,,,,,,,,,,,,,,,,,,,,,,,,,,,,,,,,,,,,,,,
D03-21,7/29/2019,0:01:57,39,Coyote,Tertiary consumer,Meso-carnivore,1,Single Species,#N/A,,,,,,,,,,,,,,,,,,,,,,,,,,,,,,,,,,,,,,,,,,,,,,,,,,,,,,,,,,,,,,,,,,,,,,,,,,,,,,,,,
D03-21,7/29/2019,0:00:56,40,White-tailed Deer,Primary consumer,Herbivore,1,Single Species,#N/A,,,,,,,,,,,,,,,,,,,,,,,,,,,,,,,,,,,,,,,,,,,,,,,,,,,,,,,,,,,,,,,,,,,,,,,,,,,,,,,,,
D03-21,7/29/2019,0:02:35,41,Black Bear,Apex predator,Hypo-carnivore,1,Single Species,#N/A,,,,,,,,,,,,,,,,,,,,,,,,,,,,,,,,,,,,,,,,,,,,,,,,,,,,,,,,,,,,,,,,,,,,,,,,,,,,,,,,,
D03-21,7/31/2019,0:05:52,42,Black Bear,Apex predator,Hypo-carnivore,3,Single Species,#N/A,,,,,,,,,,,,,,,,,,,,,,,,,,,,,,,,,,,,,,,,,,,,,,,,,,,,,,,,,,,,,,,,,,,,,,,,,,,,,,,,,
D03-21,7/31/2019,0:00:01,43,Coyote,Tertiary consumer,Meso-carnivore,1,Single Species,#N/A,,,,,,,,,,,,,,,,,,,,,,,,,,,,,,,,,,,,,,,,,,,,,,,,,,,,,,,,,,,,,,,,,,,,,,,,,,,,,,,,,
D03-21,7/31/2019,0:00:01,44,White-tailed Deer,Primary consumer,Herbivore,1,Single Species,#N/A,,,,,,,,,,,,,,,,,,,,,,,,,,,,,,,,,,,,,,,,,,,,,,,,,,,,,,,,,,,,,,,,,,,,,,,,,,,,,,,,,
D03-21,8/1/2019,0:01:49,45,Black Bear,Apex predator,Hypo-carnivore,1,Single Species,#N/A,,,,,,,,,,,,,,,,,,,,,,,,,,,,,,,,,,,,,,,,,,,,,,,,,,,,,,,,,,,,,,,,,,,,,,,,,,,,,,,,,
D03-21,8/2/2019,0:01:27,46,Black Bear,Apex predator,Hypo-carnivore,1,Single Species,#N/A,,,,,,,,,,,,,,,,,,,,,,,,,,,,,,,,,,,,,,,,,,,,,,,,,,,,,,,,,,,,,,,,,,,,,,,,,,,,,,,,,
D03-21,8/3/2019,0:01:41,47,Black Bear,Apex predator,Hypo-carnivore,1,Single Species,#N/A,,,,,,,,,,,,,,,,,,,,,,,,,,,,,,,,,,,,,,,,,,,,,,,,,,,,,,,,,,,,,,,,,,,,,,,,,,,,,,,,,
D03-21,8/4/2019,0:00:15,48,White-tailed Deer,Primary consumer,Herbivore,1,Single Species,#N/A,,,,,,,,,,,,,,,,,,,,,,,,,,,,,,,,,,,,,,,,,,,,,,,,,,,,,,,,,,,,,,,,,,,,,,,,,,,,,,,,,
D03-21,8/8/2019,0:03:12,49,White-tailed Deer,Primary consumer,Herbivore,1,Single Species,#N/A,,,,,,,,,,,,,,,,,,,,,,,,,,,,,,,,,,,,,,,,,,,,,,,,,,,,,,,,,,,,,,,,,,,,,,,,,,,,,,,,,
D03-21,8/8/2019,0:00:01,50,Raccoon,Secondary consumer,Omnivore,1,Single Species,#N/A,,,,,,,,,,,,,,,,,,,,,,,,,,,,,,,,,,,,,,,,,,,,,,,,,,,,,,,,,,,,,,,,,,,,,,,,,,,,,,,,,
D03-21,8/11/2019,0:01:45,51,Coyote,Tertiary consumer,Meso-carnivore,1,Single Species,#N/A,,,,,,,,,,,,,,,,,,,,,,,,,,,,,,,,,,,,,,,,,,,,,,,,,,,,,,,,,,,,,,,,,,,,,,,,,,,,,,,,,
D03-21,8/12/2019,0:00:01,52,Long-tailed Weasel,Secondary consumer,Hyper-carnivore,1,Single Species,#N/A,,,,,,,,,,,,,,,,,,,,,,,,,,,,,,,,,,,,,,,,,,,,,,,,,,,,,,,,,,,,,,,,,,,,,,,,,,,,,,,,,
D03-21,8/12/2019,0:16:03,53,Black Bear,Apex predator,Hypo-carnivore,3,Single Species,#N/A,,,,,,,,,,,,,,,,,,,,,,,,,,,,,,,,,,,,,,,,,,,,,,,,,,,,,,,,,,,,,,,,,,,,,,,,,,,,,,,,,
D03-21,8/13/2019,0:28:07,54,Black Bear,Apex predator,Hypo-carnivore,3,Single Species,#N/A,,,,,,,,,,,,,,,,,,,,,,,,,,,,,,,,,,,,,,,,,,,,,,,,,,,,,,,,,,,,,,,,,,,,,,,,,,,,,,,,,
D03-21,8/14/2019,0:00:01,55,Eastern Cottontail,Primary consumer,Herbivore,1,Single Species,#N/A,,,,,,,,,,,,,,,,,,,,,,,,,,,,,,,,,,,,,,,,,,,,,,,,,,,,,,,,,,,,,,,,,,,,,,,,,,,,,,,,,
D03-21,8/14/2019,0:16:08,56,Black Bear,Apex predator,Hypo-carnivore,3,Single Species,#N/A,,,,,,,,,,,,,,,,,,,,,,,,,,,,,,,,,,,,,,,,,,,,,,,,,,,,,,,,,,,,,,,,,,,,,,,,,,,,,,,,,
D03-21,8/15/2019,0:15:00,57,Coyote,Tertiary consumer,Meso-carnivore,1,Single Species,#N/A,,,,,,,,,,,,,,,,,,,,,,,,,,,,,,,,,,,,,,,,,,,,,,,,,,,,,,,,,,,,,,,,,,,,,,,,,,,,,,,,,
D03-21,8/16/2019,0:00:01,58,White-tailed Deer,Primary consumer,Herbivore,1,Single Species,#N/A,,,,,,,,,,,,,,,,,,,,,,,,,,,,,,,,,,,,,,,,,,,,,,,,,,,,,,,,,,,,,,,,,,,,,,,,,,,,,,,,,
D03-21,8/16/2019,0:00:01,59,Black Bear,Apex predator,Hypo-carnivore,1,Single Species,#N/A,,,,,,,,,,,,,,,,,,,,,,,,,,,,,,,,,,,,,,,,,,,,,,,,,,,,,,,,,,,,,,,,,,,,,,,,,,,,,,,,,
D03-21,8/17/2019,0:12:26,60,Black Bear,Apex predator,Hypo-carnivore,3,Single Species,#N/A,,,,,,,,,,,,,,,,,,,,,,,,,,,,,,,,,,,,,,,,,,,,,,,,,,,,,,,,,,,,,,,,,,,,,,,,,,,,,,,,,
D03-21,8/25/2019,0:00:01,61,Raccoon,Secondary consumer,Omnivore,1,Single Species,#N/A,,,,,,,,,,,,,,,,,,,,,,,,,,,,,,,,,,,,,,,,,,,,,,,,,,,,,,,,,,,,,,,,,,,,,,,,,,,,,,,,,
D03-21,8/25/2019,0:00:01,62,Bobcat,Tertiary consumer,Hyper-carnivore,1,Single Species,#N/A,,,,,,,,,,,,,,,,,,,,,,,,,,,,,,,,,,,,,,,,,,,,,,,,,,,,,,,,,,,,,,,,,,,,,,,,,,,,,,,,,
D03-21,8/30/2019,0:00:57,63,White-tailed Deer,Primary consumer,Herbivore,1,Single Species,#N/A,,,,,,,,,,,,,,,,,,,,,,,,,,,,,,,,,,,,,,,,,,,,,,,,,,,,,,,,,,,,,,,,,,,,,,,,,,,,,,,,,
D03-21,8/30/2019,0:29:51,64,Black Bear,Apex predator,Hypo-carnivore,1,Single Species,#N/A,,,,,,,,,,,,,,,,,,,,,,,,,,,,,,,,,,,,,,,,,,,,,,,,,,,,,,,,,,,,,,,,,,,,,,,,,,,,,,,,,
D03-21,8/31/2019,0:14:21,65,Black Bear,Apex predator,Hypo-carnivore,1,Single Species,#N/A,,,,,,,,,,,,,,,,,,,,,,,,,,,,,,,,,,,,,,,,,,,,,,,,,,,,,,,,,,,,,,,,,,,,,,,,,,,,,,,,,
D03-21,9/6/2019,0:09:02,66,Black Bear,Apex predator,Hypo-carnivore,1,Single Species,#N/A,,,,,,,,,,,,,,,,,,,,,,,,,,,,,,,,,,,,,,,,,,,,,,,,,,,,,,,,,,,,,,,,,,,,,,,,,,,,,,,,,
D03-21,9/7/2019,0:52:11,67,Black Bear,Apex predator,Hypo-carnivore,3,Single Species,#N/A,,,,,,,,,,,,,,,,,,,,,,,,,,,,,,,,,,,,,,,,,,,,,,,,,,,,,,,,,,,,,,,,,,,,,,,,,,,,,,,,,
D03-21,9/7/2019,0:00:01,68,Raccoon,Secondary consumer,Omnivore,1,Single Species,#N/A,,,,,,,,,,,,,,,,,,,,,,,,,,,,,,,,,,,,,,,,,,,,,,,,,,,,,,,,,,,,,,,,,,,,,,,,,,,,,,,,,
D03-21,9/8/2019,0:07:49,69,Black Bear,Apex predator,Hypo-carnivore,3,Single Species,#N/A,,,,,,,,,,,,,,,,,,,,,,,,,,,,,,,,,,,,,,,,,,,,,,,,,,,,,,,,,,,,,,,,,,,,,,,,,,,,,,,,,
D03-21,9/8/2019,0:00:01,70,Unknown,na,na,1,Single Species,#N/A,,,,,,,,,,,,,,,,,,,,,,,,,,,,,,,,,,,,,,,,,,,,,,,,,,,,,,,,,,,,,,,,,,,,,,,,,,,,,,,,,
D03-21,9/10/2019,0:01:22,71,Black Bear,Apex predator,Hypo-carnivore,3,Single Species,#N/A,,,,,,,,,,,,,,,,,,,,,,,,,,,,,,,,,,,,,,,,,,,,,,,,,,,,,,,,,,,,,,,,,,,,,,,,,,,,,,,,,
D03-21,9/11/2019,0:01:07,72,Black Bear,Apex predator,Hypo-carnivore,1,Single Species,#N/A,,,,,,,,,,,,,,,,,,,,,,,,,,,,,,,,,,,,,,,,,,,,,,,,,,,,,,,,,,,,,,,,,,,,,,,,,,,,,,,,,
D03-21,9/12/2019,0:34:35,73,Black Bear,Apex predator,Hypo-carnivore,3,Single Species,#N/A,,,,,,,,,,,,,,,,,,,,,,,,,,,,,,,,,,,,,,,,,,,,,,,,,,,,,,,,,,,,,,,,,,,,,,,,,,,,,,,,,
D03-21,9/15/2019,0:00:12,74,Raccoon,Secondary consumer,Omnivore,1,Single Species,#N/A,,,,,,,,,,,,,,,,,,,,,,,,,,,,,,,,,,,,,,,,,,,,,,,,,,,,,,,,,,,,,,,,,,,,,,,,,,,,,,,,,
D03-21,9/16/2019,0:00:25,75,Coyote,Tertiary consumer,Meso-carnivore,1,Single Species,#N/A,,,,,,,,,,,,,,,,,,,,,,,,,,,,,,,,,,,,,,,,,,,,,,,,,,,,,,,,,,,,,,,,,,,,,,,,,,,,,,,,,
D03-21,9/17/2019,0:18:47,76,Black Bear,Apex predator,Hypo-carnivore,3,Single Species,#N/A,,,,,,,,,,,,,,,,,,,,,,,,,,,,,,,,,,,,,,,,,,,,,,,,,,,,,,,,,,,,,,,,,,,,,,,,,,,,,,,,,
D03-21,9/20/2019,0:00:31,77,Black Bear,Apex predator,Hypo-carnivore,1,Single Species,#N/A,,,,,,,,,,,,,,,,,,,,,,,,,,,,,,,,,,,,,,,,,,,,,,,,,,,,,,,,,,,,,,,,,,,,,,,,,,,,,,,,,
D03-21,9/21/2019,0:00:14,78,Raccoon,Secondary consumer,Omnivore,2,Single Species,#N/A,,,,,,,,,,,,,,,,,,,,,,,,,,,,,,,,,,,,,,,,,,,,,,,,,,,,,,,,,,,,,,,,,,,,,,,,,,,,,,,,,
D03-21,9/23/2019,0:02:47,79,Dog,na,na,1,Single Species,#N/A,,,,,,,,,,,,,,,,,,,,,,,,,,,,,,,,,,,,,,,,,,,,,,,,,,,,,,,,,,,,,,,,,,,,,,,,,,,,,,,,,
D03-21,9/26/2019,0:05:40,80,Human,na,na,1,Single Species,#N/A,,,,,,,,,,,,,,,,,,,,,,,,,,,,,,,,,,,,,,,,,,,,,,,,,,,,,,,,,,,,,,,,,,,,,,,,,,,,,,,,,
D03-24,7/16/2019,0:04:27,1,Human,na,na,1,Single Species,1,,,,,,,,,,,,,,,,,,,,,,,,,,,,,,,,,,,,,,,,,,,,,,,,,,,,,,,,,,,,,,,,,,,,,,,,,,,,,,,,,
D03-24,7/16/2019,0:11:30,2,Turkey Vulture,Tertiary consumer,Obligate scavenger,1,Single Species,1,,,,,,,,,,,,,,,,,,,,,,,,,,,,,,,,,,,,,,,,,,,,,,,,,,,,,,,,,,,,,,,,,,,,,,,,,,,,,,,,,
D03-24,7/16/2019,0:00:01,3,Turkey Vulture,Tertiary consumer,Obligate scavenger,1,Single Species,#N/A,,,,,,,,,,,,,,,,,,,,,,,,,,,,,,,,,,,,,,,,,,,,,,,,,,,,,,,,,,,,,,,,,,,,,,,,,,,,,,,,,
D03-24,7/17/2019,0:00:01,4,Turkey Vulture,Tertiary consumer,Obligate scavenger,1,Single Species,#N/A,,,,,,,,,,,,,,,,,,,,,,,,,,,,,,,,,,,,,,,,,,,,,,,,,,,,,,,,,,,,,,,,,,,,,,,,,,,,,,,,,
D03-24,7/18/2019,0:00:01,5,White-tailed Deer,Primary consumer,Herbivore,1,Single Species,#N/A,,,,,,,,,,,,,,,,,,,,,,,,,,,,,,,,,,,,,,,,,,,,,,,,,,,,,,,,,,,,,,,,,,,,,,,,,,,,,,,,,
D03-24,7/18/2019,0:17:17,6,Turkey Vulture,Tertiary consumer,Obligate scavenger,2,Single Species,#N/A,,,,,,,,,,,,,,,,,,,,,,,,,,,,,,,,,,,,,,,,,,,,,,,,,,,,,,,,,,,,,,,,,,,,,,,,,,,,,,,,,
D03-24,7/18/2019,0:00:01,7,Turkey Vulture,Tertiary consumer,Obligate scavenger,2,Single Species,#N/A,,,,,,,,,,,,,,,,,,,,,,,,,,,,,,,,,,,,,,,,,,,,,,,,,,,,,,,,,,,,,,,,,,,,,,,,,,,,,,,,,
D03-24,7/18/2019,0:00:01,8,Turkey Vulture,Tertiary consumer,Obligate scavenger,1,Single Species,1,,,,,,,,,,,,,,,,,,,,,,,,,,,,,,,,,,,,,,,,,,,,,,,,,,,,,,,,,,,,,,,,,,,,,,,,,,,,,,,,,
D03-24,7/19/2019,0:01:57,9,Black Bear,Apex predator,Hypo-carnivore,1,Single Species,#N/A,,,,,,,,,,,,,,,,,,,,,,,,,,,,,,,,,,,,,,,,,,,,,,,,,,,,,,,,,,,,,,,,,,,,,,,,,,,,,,,,,
D03-24,7/19/2019,0:24:24,10,Black Bear,Apex predator,Hypo-carnivore,1,Single Species,1,,,,,,,,,,,,,,,,,,,,,,,,,,,,,,,,,,,,,,,,,,,,,,,,,,,,,,,,,,,,,,,,,,,,,,,,,,,,,,,,,
D03-24,7/20/2019,0:31:54,11,Black Bear,Apex predator,Hypo-carnivore,1,Single Species,#N/A,,,,,,,,,,,,,,,,,,,,,,,,,,,,,,,,,,,,,,,,,,,,,,,,,,,,,,,,,,,,,,,,,,,,,,,,,,,,,,,,,
D03-24,7/20/2019,0:20:04,12,Black Bear,Apex predator,Hypo-carnivore,1,Single Species,#N/A,,,,,,,,,,,,,,,,,,,,,,,,,,,,,,,,,,,,,,,,,,,,,,,,,,,,,,,,,,,,,,,,,,,,,,,,,,,,,,,,,
D03-24,7/20/2019,0:09:05,13,Black Bear,Apex predator,Hypo-carnivore,1,Single Species,1,,,,,,,,,,,,,,,,,,,,,,,,,,,,,,,,,,,,,,,,,,,,,,,,,,,,,,,,,,,,,,,,,,,,,,,,,,,,,,,,,
D03-24,7/20/2019,0:00:16,14,Black Bear,Apex predator,Hypo-carnivore,1,Single Species,1,,,,,,,,,,,,,,,,,,,,,,,,,,,,,,,,,,,,,,,,,,,,,,,,,,,,,,,,,,,,,,,,,,,,,,,,,,,,,,,,,
D03-24,7/20/2019,0:10:24,15,Black Bear,Apex predator,Hypo-carnivore,1,Single Species,1,,,,,,,,,,,,,,,,,,,,,,,,,,,,,,,,,,,,,,,,,,,,,,,,,,,,,,,,,,,,,,,,,,,,,,,,,,,,,,,,,
D03-24,7/20/2019,0:21:01,16,Black Bear,Apex predator,Hypo-carnivore,1,Single Species,1,,,,,,,,,,,,,,,,,,,,,,,,,,,,,,,,,,,,,,,,,,,,,,,,,,,,,,,,,,,,,,,,,,,,,,,,,,,,,,,,,
D03-24,7/20/2019,0:04:31,17,Black Bear,Apex predator,Hypo-carnivore,1,Single Species,#N/A,,,,,,,,,,,,,,,,,,,,,,,,,,,,,,,,,,,,,,,,,,,,,,,,,,,,,,,,,,,,,,,,,,,,,,,,,,,,,,,,,
D03-24,7/20/2019,0:12:57,18,Black Bear,Apex predator,Hypo-carnivore,1,Single Species,#N/A,,,,,,,,,,,,,,,,,,,,,,,,,,,,,,,,,,,,,,,,,,,,,,,,,,,,,,,,,,,,,,,,,,,,,,,,,,,,,,,,,
D03-24,7/21/2019,0:26:41,19,Coyote,Tertiary consumer,Meso-carnivore,1,Single Species,#N/A,,,,,,,,,,,,,,,,,,,,,,,,,,,,,,,,,,,,,,,,,,,,,,,,,,,,,,,,,,,,,,,,,,,,,,,,,,,,,,,,,
D03-24,7/21/2019,0:11:09,20,Coyote,Tertiary consumer,Meso-carnivore,1,Single Species,#N/A,,,,,,,,,,,,,,,,,,,,,,,,,,,,,,,,,,,,,,,,,,,,,,,,,,,,,,,,,,,,,,,,,,,,,,,,,,,,,,,,,
D03-24,7/21/2019,1:14:34,21,Black Bear,Apex predator,Hypo-carnivore,1,Single Species,#N/A,,,,,,,,,,,,,,,,,,,,,,,,,,,,,,,,,,,,,,,,,,,,,,,,,,,,,,,,,,,,,,,,,,,,,,,,,,,,,,,,,
D03-24,7/21/2019,0:34:38,22,Coyote,Tertiary consumer,Meso-carnivore,1,Single Species,#N/A,,,,,,,,,,,,,,,,,,,,,,,,,,,,,,,,,,,,,,,,,,,,,,,,,,,,,,,,,,,,,,,,,,,,,,,,,,,,,,,,,
D03-24,7/22/2019,0:57:26,23,Coyote,Tertiary consumer,Meso-carnivore,1,Single Species,#N/A,,,,,,,,,,,,,,,,,,,,,,,,,,,,,,,,,,,,,,,,,,,,,,,,,,,,,,,,,,,,,,,,,,,,,,,,,,,,,,,,,
D03-24,7/22/2019,0:10:27,24,Coyote,Tertiary consumer,Meso-carnivore,1,Single Species,#N/A,,,,,,,,,,,,,,,,,,,,,,,,,,,,,,,,,,,,,,,,,,,,,,,,,,,,,,,,,,,,,,,,,,,,,,,,,,,,,,,,,
D03-24,7/22/2019,0:02:31,25,Black Bear,Apex predator,Hypo-carnivore,1,Single Species,#N/A,,,,,,,,,,,,,,,,,,,,,,,,,,,,,,,,,,,,,,,,,,,,,,,,,,,,,,,,,,,,,,,,,,,,,,,,,,,,,,,,,
D03-24,7/22/2019,0:13:40,26,Black Bear,Apex predator,Hypo-carnivore,1,Single Species,#N/A,,,,,,,,,,,,,,,,,,,,,,,,,,,,,,,,,,,,,,,,,,,,,,,,,,,,,,,,,,,,,,,,,,,,,,,,,,,,,,,,,
D03-24,7/23/2019,0:08:01,27,Coyote,Tertiary consumer,Meso-carnivore,1,Single Species,#N/A,,,,,,,,,,,,,,,,,,,,,,,,,,,,,,,,,,,,,,,,,,,,,,,,,,,,,,,,,,,,,,,,,,,,,,,,,,,,,,,,,
D03-24,7/23/2019,0:22:02,28,Black Bear,Apex predator,Hypo-carnivore,1,Single Species,#N/A,,,,,,,,,,,,,,,,,,,,,,,,,,,,,,,,,,,,,,,,,,,,,,,,,,,,,,,,,,,,,,,,,,,,,,,,,,,,,,,,,
D03-24,7/24/2019,0:03:49,29,Turkey Vulture,Tertiary consumer,Obligate scavenger,1,Single Species,#N/A,,,,,,,,,,,,,,,,,,,,,,,,,,,,,,,,,,,,,,,,,,,,,,,,,,,,,,,,,,,,,,,,,,,,,,,,,,,,,,,,,
D03-24,7/24/2019,0:00:01,30,Turkey Vulture,Tertiary consumer,Obligate scavenger,2,Single Species,#N/A,,,,,,,,,,,,,,,,,,,,,,,,,,,,,,,,,,,,,,,,,,,,,,,,,,,,,,,,,,,,,,,,,,,,,,,,,,,,,,,,,
D03-24,7/24/2019,0:02:22,31,Turkey Vulture,Tertiary consumer,Obligate scavenger,1,Single Species,#N/A,,,,,,,,,,,,,,,,,,,,,,,,,,,,,,,,,,,,,,,,,,,,,,,,,,,,,,,,,,,,,,,,,,,,,,,,,,,,,,,,,
D03-24,7/24/2019,0:29:20,32,Coyote,Tertiary consumer,Meso-carnivore,1,Single Species,#N/A,,,,,,,,,,,,,,,,,,,,,,,,,,,,,,,,,,,,,,,,,,,,,,,,,,,,,,,,,,,,,,,,,,,,,,,,,,,,,,,,,
D03-24,7/25/2019,0:05:35,33,Black Bear,Apex predator,Hypo-carnivore,1,Single Species,#N/A,,,,,,,,,,,,,,,,,,,,,,,,,,,,,,,,,,,,,,,,,,,,,,,,,,,,,,,,,,,,,,,,,,,,,,,,,,,,,,,,,
D03-24,7/30/2019,0:02:44,34,Coyote,Tertiary consumer,Meso-carnivore,1,Single Species,#N/A,,,,,,,,,,,,,,,,,,,,,,,,,,,,,,,,,,,,,,,,,,,,,,,,,,,,,,,,,,,,,,,,,,,,,,,,,,,,,,,,,
D03-24,7/30/2019,0:00:01,35,Eastern Gray Squirrel,Primary consumer,Omnivore,1,Single Species,#N/A,,,,,,,,,,,,,,,,,,,,,,,,,,,,,,,,,,,,,,,,,,,,,,,,,,,,,,,,,,,,,,,,,,,,,,,,,,,,,,,,,
D03-24,8/1/2019,0:04:20,36,Opossum,Secondary consumer,Omnivore,1,Single Species,#N/A,,,,,,,,,,,,,,,,,,,,,,,,,,,,,,,,,,,,,,,,,,,,,,,,,,,,,,,,,,,,,,,,,,,,,,,,,,,,,,,,,
D03-24,8/5/2019,0:14:01,37,Black Bear,Apex predator,Hypo-carnivore,1,Single Species,#N/A,,,,,,,,,,,,,,,,,,,,,,,,,,,,,,,,,,,,,,,,,,,,,,,,,,,,,,,,,,,,,,,,,,,,,,,,,,,,,,,,,
D03-24,8/8/2019,0:00:01,38,Eastern Gray Squirrel,Primary consumer,Omnivore,1,Single Species,#N/A,,,,,,,,,,,,,,,,,,,,,,,,,,,,,,,,,,,,,,,,,,,,,,,,,,,,,,,,,,,,,,,,,,,,,,,,,,,,,,,,,
D03-24,8/9/2019,0:00:01,39,Raccoon,Secondary consumer,Omnivore,1,Single Species,#N/A,,,,,,,,,,,,,,,,,,,,,,,,,,,,,,,,,,,,,,,,,,,,,,,,,,,,,,,,,,,,,,,,,,,,,,,,,,,,,,,,,
D03-24,8/9/2019,0:04:31,40,Opossum,Secondary consumer,Omnivore,1,Single Species,#N/A,,,,,,,,,,,,,,,,,,,,,,,,,,,,,,,,,,,,,,,,,,,,,,,,,,,,,,,,,,,,,,,,,,,,,,,,,,,,,,,,,
D03-24,8/9/2019,0:02:50,41,Opossum,Secondary consumer,Omnivore,1,Single Species,#N/A,,,,,,,,,,,,,,,,,,,,,,,,,,,,,,,,,,,,,,,,,,,,,,,,,,,,,,,,,,,,,,,,,,,,,,,,,,,,,,,,,
D03-24,8/9/2019,0:09:48,42,Black Bear,Apex predator,Hypo-carnivore,1,Single Species,#N/A,,,,,,,,,,,,,,,,,,,,,,,,,,,,,,,,,,,,,,,,,,,,,,,,,,,,,,,,,,,,,,,,,,,,,,,,,,,,,,,,,
D03-24,8/11/2019,0:09:02,43,Black Bear,Apex predator,Hypo-carnivore,1,Single Species,#N/A,,,,,,,,,,,,,,,,,,,,,,,,,,,,,,,,,,,,,,,,,,,,,,,,,,,,,,,,,,,,,,,,,,,,,,,,,,,,,,,,,
D03-24,8/12/2019,0:02:22,44,Opossum,Secondary consumer,Omnivore,1,Single Species,#N/A,,,,,,,,,,,,,,,,,,,,,,,,,,,,,,,,,,,,,,,,,,,,,,,,,,,,,,,,,,,,,,,,,,,,,,,,,,,,,,,,,
D03-24,8/14/2019,0:03:23,45,Opossum,Secondary consumer,Omnivore,1,Single Species,#N/A,,,,,,,,,,,,,,,,,,,,,,,,,,,,,,,,,,,,,,,,,,,,,,,,,,,,,,,,,,,,,,,,,,,,,,,,,,,,,,,,,
D03-24,8/16/2019,0:00:01,46,Bird spp,Primary consumer,Omnivore,2,Single Species,#N/A,,,,,,,,,,,,,,,,,,,,,,,,,,,,,,,,,,,,,,,,,,,,,,,,,,,,,,,,,,,,,,,,,,,,,,,,,,,,,,,,,
D03-24,8/16/2019,0:00:01,47,Bird spp,Primary consumer,Omnivore,2,Single Species,#N/A,,,,,,,,,,,,,,,,,,,,,,,,,,,,,,,,,,,,,,,,,,,,,,,,,,,,,,,,,,,,,,,,,,,,,,,,,,,,,,,,,
D03-24,8/16/2019,0:03:49,48,Bird spp,Primary consumer,Omnivore,1,Single Species,#N/A,,,,,,,,,,,,,,,,,,,,,,,,,,,,,,,,,,,,,,,,,,,,,,,,,,,,,,,,,,,,,,,,,,,,,,,,,,,,,,,,,
D03-24,8/16/2019,0:00:14,49,Unknown,na,na,1,Single Species,#N/A,,,,,,,,,,,,,,,,,,,,,,,,,,,,,,,,,,,,,,,,,,,,,,,,,,,,,,,,,,,,,,,,,,,,,,,,,,,,,,,,,
D03-24,8/17/2019,0:09:10,50,White-tailed deer,Primary consumer,Herbivore,1,Single Species,#N/A,,,,,,,,,,,,,,,,,,,,,,,,,,,,,,,,,,,,,,,,,,,,,,,,,,,,,,,,,,,,,,,,,,,,,,,,,,,,,,,,,
D03-24,8/17/2019,0:08:19,51,Black Bear,Apex predator,Hypo-carnivore,1,Single Species,#N/A,,,,,,,,,,,,,,,,,,,,,,,,,,,,,,,,,,,,,,,,,,,,,,,,,,,,,,,,,,,,,,,,,,,,,,,,,,,,,,,,,
D03-24,8/18/2019,0:00:17,52,Opossum,Secondary consumer,Omnivore,1,Single Species,#N/A,,,,,,,,,,,,,,,,,,,,,,,,,,,,,,,,,,,,,,,,,,,,,,,,,,,,,,,,,,,,,,,,,,,,,,,,,,,,,,,,,
D03-24,8/21/2019,0:00:01,53,Bird spp,Primary consumer,Omnivore,1,Single Species,#N/A,,,,,,,,,,,,,,,,,,,,,,,,,,,,,,,,,,,,,,,,,,,,,,,,,,,,,,,,,,,,,,,,,,,,,,,,,,,,,,,,,
D03-24,8/21/2019,0:14:50,54,Bird spp,Primary consumer,Omnivore,1,Single Species,#N/A,,,,,,,,,,,,,,,,,,,,,,,,,,,,,,,,,,,,,,,,,,,,,,,,,,,,,,,,,,,,,,,,,,,,,,,,,,,,,,,,,
D03-24,8/24/2019,0:00:36,55,Bird spp,Primary consumer,Omnivore,5,Single Species,#N/A,,,,,,,,,,,,,,,,,,,,,,,,,,,,,,,,,,,,,,,,,,,,,,,,,,,,,,,,,,,,,,,,,,,,,,,,,,,,,,,,,
D03-24,8/24/2019,0:00:01,56,Bird spp,Primary consumer,Omnivore,1,Single Species,#N/A,,,,,,,,,,,,,,,,,,,,,,,,,,,,,,,,,,,,,,,,,,,,,,,,,,,,,,,,,,,,,,,,,,,,,,,,,,,,,,,,,
D03-24,8/24/2019,0:00:01,57,Bird spp,Primary consumer,Omnivore,1,Single Species,#N/A,,,,,,,,,,,,,,,,,,,,,,,,,,,,,,,,,,,,,,,,,,,,,,,,,,,,,,,,,,,,,,,,,,,,,,,,,,,,,,,,,
D03-24,8/27/2019,0:00:01,58,Black Bear,Apex predator,Hypo-carnivore,1,Single Species,#N/A,,,,,,,,,,,,,,,,,,,,,,,,,,,,,,,,,,,,,,,,,,,,,,,,,,,,,,,,,,,,,,,,,,,,,,,,,,,,,,,,,
D03-24,8/27/2019,0:02:16,59,Black Bear,Apex predator,Hypo-carnivore,1,Single Species,#N/A,,,,,,,,,,,,,,,,,,,,,,,,,,,,,,,,,,,,,,,,,,,,,,,,,,,,,,,,,,,,,,,,,,,,,,,,,,,,,,,,,
D03-24,8/31/2019,0:18:36,60,Black Bear,Apex predator,Hypo-carnivore,1,Single Species,#N/A,,,,,,,,,,,,,,,,,,,,,,,,,,,,,,,,,,,,,,,,,,,,,,,,,,,,,,,,,,,,,,,,,,,,,,,,,,,,,,,,,
D03-24,8/31/2019,0:01:29,61,Black Bear,Apex predator,Hypo-carnivore,1,Single Species,#N/A,,,,,,,,,,,,,,,,,,,,,,,,,,,,,,,,,,,,,,,,,,,,,,,,,,,,,,,,,,,,,,,,,,,,,,,,,,,,,,,,,
D03-24,8/31/2019,0:03:12,62,Black Bear,Apex predator,Hypo-carnivore,1,Single Species,#N/A,,,,,,,,,,,,,,,,,,,,,,,,,,,,,,,,,,,,,,,,,,,,,,,,,,,,,,,,,,,,,,,,,,,,,,,,,,,,,,,,,
D03-24,9/2/2019,0:11:01,63,Black Bear,Apex predator,Hypo-carnivore,1,Single Species,#N/A,,,,,,,,,,,,,,,,,,,,,,,,,,,,,,,,,,,,,,,,,,,,,,,,,,,,,,,,,,,,,,,,,,,,,,,,,,,,,,,,,
D03-24,9/4/2019,0:01:31,64,White-tailed deer,Primary consumer,Herbivore,1,Single Species,#N/A,,,,,,,,,,,,,,,,,,,,,,,,,,,,,,,,,,,,,,,,,,,,,,,,,,,,,,,,,,,,,,,,,,,,,,,,,,,,,,,,,
D03-24,9/4/2019,0:00:45,65,Bird spp,Primary consumer,Omnivore,1,Single Species,#N/A,,,,,,,,,,,,,,,,,,,,,,,,,,,,,,,,,,,,,,,,,,,,,,,,,,,,,,,,,,,,,,,,,,,,,,,,,,,,,,,,,
D03-24,9/4/2019,0:02:45,66,Eastern Gray Squirrel,Primary consumer,Omnivore,1,Single Species,#N/A,,,,,,,,,,,,,,,,,,,,,,,,,,,,,,,,,,,,,,,,,,,,,,,,,,,,,,,,,,,,,,,,,,,,,,,,,,,,,,,,,
D03-24,9/6/2019,0:00:01,67,Eastern Cottontail,Primary consumer,Omnivore,1,Single Species,#N/A,,,,,,,,,,,,,,,,,,,,,,,,,,,,,,,,,,,,,,,,,,,,,,,,,,,,,,,,,,,,,,,,,,,,,,,,,,,,,,,,,
D03-24,9/6/2019,0:02:54,68,Eastern Gray Squirrel,Primary consumer,Omnivore,1,Single Species,#N/A,,,,,,,,,,,,,,,,,,,,,,,,,,,,,,,,,,,,,,,,,,,,,,,,,,,,,,,,,,,,,,,,,,,,,,,,,,,,,,,,,
D03-24,9/6/2019,0:03:02,69,Coyote,Tertiary consumer,Meso-carnivore,1,Single Species,#N/A,,,,,,,,,,,,,,,,,,,,,,,,,,,,,,,,,,,,,,,,,,,,,,,,,,,,,,,,,,,,,,,,,,,,,,,,,,,,,,,,,
D03-24,9/6/2019,0:00:01,70,Eastern Cottontail,Primary consumer,Herbivore,1,Single Species,#N/A,,,,,,,,,,,,,,,,,,,,,,,,,,,,,,,,,,,,,,,,,,,,,,,,,,,,,,,,,,,,,,,,,,,,,,,,,,,,,,,,,
D03-24,9/7/2019,0:00:01,71,Mouse,Primary consumer,Omnivore,1,Single Species,#N/A,,,,,,,,,,,,,,,,,,,,,,,,,,,,,,,,,,,,,,,,,,,,,,,,,,,,,,,,,,,,,,,,,,,,,,,,,,,,,,,,,
D03-24,9/7/2019,0:00:01,72,Black Bear,Apex predator,Hypo-carnivore,1,Single Species,#N/A,,,,,,,,,,,,,,,,,,,,,,,,,,,,,,,,,,,,,,,,,,,,,,,,,,,,,,,,,,,,,,,,,,,,,,,,,,,,,,,,,
D03-24,9/9/2019,1:24:13,73,Black Bear,Apex predator,Hypo-carnivore,1,Single Species,#N/A,,,,,,,,,,,,,,,,,,,,,,,,,,,,,,,,,,,,,,,,,,,,,,,,,,,,,,,,,,,,,,,,,,,,,,,,,,,,,,,,,
D03-24,9/11/2019,0:00:18,74,Eastern Cottontail,Apex predator,Omnivore,1,Single Species,#N/A,,,,,,,,,,,,,,,,,,,,,,,,,,,,,,,,,,,,,,,,,,,,,,,,,,,,,,,,,,,,,,,,,,,,,,,,,,,,,,,,,
D03-24,9/11/2019,0:00:01,75,Bird spp,Apex predator,Omnivore,1,Single Species,#N/A,,,,,,,,,,,,,,,,,,,,,,,,,,,,,,,,,,,,,,,,,,,,,,,,,,,,,,,,,,,,,,,,,,,,,,,,,,,,,,,,,
D03-24,9/11/2019,0:03:29,76,Black Bear,Apex predator,Hypo-carnivore,1,Single Species,#N/A,,,,,,,,,,,,,,,,,,,,,,,,,,,,,,,,,,,,,,,,,,,,,,,,,,,,,,,,,,,,,,,,,,,,,,,,,,,,,,,,,
D03-24,9/12/2019,0:00:30,77,Bird spp,Primary consumer,Omnivore,1,Single Species,#N/A,,,,,,,,,,,,,,,,,,,,,,,,,,,,,,,,,,,,,,,,,,,,,,,,,,,,,,,,,,,,,,,,,,,,,,,,,,,,,,,,,
D03-24,9/12/2019,0:00:01,78,White-tailed deer,Primary consumer,Herbivore,1,Single Species,#N/A,,,,,,,,,,,,,,,,,,,,,,,,,,,,,,,,,,,,,,,,,,,,,,,,,,,,,,,,,,,,,,,,,,,,,,,,,,,,,,,,,
D03-24,9/13/2019,0:02:34,79,Coyote,Tertiary consumer,Meso-carnivore,1,Single Species,#N/A,,,,,,,,,,,,,,,,,,,,,,,,,,,,,,,,,,,,,,,,,,,,,,,,,,,,,,,,,,,,,,,,,,,,,,,,,,,,,,,,,
D03-24,9/15/2019,0:03:18,80,Opossum,Secondary consumer,Omnivore,1,Single Species,#N/A,,,,,,,,,,,,,,,,,,,,,,,,,,,,,,,,,,,,,,,,,,,,,,,,,,,,,,,,,,,,,,,,,,,,,,,,,,,,,,,,,
D03-24,9/16/2019,0:00:01,81,Coyote,Tertiary consumer,Meso-carnivore,1,Single Species,#N/A,,,,,,,,,,,,,,,,,,,,,,,,,,,,,,,,,,,,,,,,,,,,,,,,,,,,,,,,,,,,,,,,,,,,,,,,,,,,,,,,,
D03-24,9/19/2019,0:00:01,82,Black Bear,Apex predator,Hypo-carnivore,1,Single Species,#N/A,,,,,,,,,,,,,,,,,,,,,,,,,,,,,,,,,,,,,,,,,,,,,,,,,,,,,,,,,,,,,,,,,,,,,,,,,,,,,,,,,
D03-24,9/21/2019,0:03:10,83,Black Bear,Apex predator,Hypo-carnivore,1,Single Species,#N/A,,,,,,,,,,,,,,,,,,,,,,,,,,,,,,,,,,,,,,,,,,,,,,,,,,,,,,,,,,,,,,,,,,,,,,,,,,,,,,,,,
D03-24,9/22/2019,0:00:01,84,Bird spp,Primary consumer,Omnivore,1,Single Species,#N/A,,,,,,,,,,,,,,,,,,,,,,,,,,,,,,,,,,,,,,,,,,,,,,,,,,,,,,,,,,,,,,,,,,,,,,,,,,,,,,,,,
D03-24,9/23/2019,0:00:01,85,Coyote,Tertiary consumer,Meso-carnivore,1,Single Species,#N/A,,,,,,,,,,,,,,,,,,,,,,,,,,,,,,,,,,,,,,,,,,,,,,,,,,,,,,,,,,,,,,,,,,,,,,,,,,,,,,,,,
D03-24,9/23/2019,0:00:11,86,Coyote,Tertiary consumer,Meso-carnivore,1,Single Species,#N/A,,,,,,,,,,,,,,,,,,,,,,,,,,,,,,,,,,,,,,,,,,,,,,,,,,,,,,,,,,,,,,,,,,,,,,,,,,,,,,,,,
D03-24,9/23/2019,0:03:15,87,Opossum,Secondary consumer,Omnivore,1,Single Species,#N/A,,,,,,,,,,,,,,,,,,,,,,,,,,,,,,,,,,,,,,,,,,,,,,,,,,,,,,,,,,,,,,,,,,,,,,,,,,,,,,,,,
D03-24,9/25/2019,0:00:01,88,White-tailed deer,Primary consumer,Herbivore,1,Single Species,#N/A,,,,,,,,,,,,,,,,,,,,,,,,,,,,,,,,,,,,,,,,,,,,,,,,,,,,,,,,,,,,,,,,,,,,,,,,,,,,,,,,,
D03-24,9/25/2019,0:00:01,89,Bird spp,Primary consumer,Omnivore,1,Single Species,#N/A,,,,,,,,,,,,,,,,,,,,,,,,,,,,,,,,,,,,,,,,,,,,,,,,,,,,,,,,,,,,,,,,,,,,,,,,,,,,,,,,,
D03-24,9/26/2019,0:00:01,90,Bird spp,Primary consumer,Omnivore,1,Single Species,#N/A,,,,,,,,,,,,,,,,,,,,,,,,,,,,,,,,,,,,,,,,,,,,,,,,,,,,,,,,,,,,,,,,,,,,,,,,,,,,,,,,,
D03-24,9/26/2019,0:06:40,91,Human,na,na,1,Single Species,#N/A,,,,,,,,,,,,,,,,,,,,,,,,,,,,,,,,,,,,,,,,,,,,,,,,,,,,,,,,,,,,,,,,,,,,,,,,,,,,,,,,,
D03-07,11/17/2019,3:19:42,1,Human,na,na,1,Single Species,1,,,,,,,,,,,,,,,,,,,,,,,,,,,,,,,,,,,,,,,,,,,,,,,,,,,,,,,,,,,,,,,,,,,,,,,,,,,,,,,,,
D03-07,11/22/2019,0:00:13,2,Eastern Gray Squirrel,Primary consumer,Omnivore,1,Single Species,1,,,,,,,,,,,,,,,,,,,,,,,,,,,,,,,,,,,,,,,,,,,,,,,,,,,,,,,,,,,,,,,,,,,,,,,,,,,,,,,,,
D03-07,11/23/2019,0:01:06,3,Eastern Gray Squirrel,Primary consumer,Omnivore,1,Single Species,1,,,,,,,,,,,,,,,,,,,,,,,,,,,,,,,,,,,,,,,,,,,,,,,,,,,,,,,,,,,,,,,,,,,,,,,,,,,,,,,,,
D03-07,11/23/2019,0:00:01,4,Eastern Gray Squirrel,Primary consumer,Omnivore,1,Single Species,1,,,,,,,,,,,,,,,,,,,,,,,,,,,,,,,,,,,,,,,,,,,,,,,,,,,,,,,,,,,,,,,,,,,,,,,,,,,,,,,,,
D03-07,11/23/2019,0:04:52,5,Opossum,Secondary consumer,Omnivore,1,Single Species,1,,,,,,,,,,,,,,,,,,,,,,,,,,,,,,,,,,,,,,,,,,,,,,,,,,,,,,,,,,,,,,,,,,,,,,,,,,,,,,,,,
D03-07,11/24/2019,0:00:01,6,Opossum,Secondary consumer,Omnivore,1,Single Species,1,,,,,,,,,,,,,,,,,,,,,,,,,,,,,,,,,,,,,,,,,,,,,,,,,,,,,,,,,,,,,,,,,,,,,,,,,,,,,,,,,
D03-07,11/25/2019,0:00:01,7,Opossum,Secondary consumer,Omnivore,1,Single Species,1,,,,,,,,,,,,,,,,,,,,,,,,,,,,,,,,,,,,,,,,,,,,,,,,,,,,,,,,,,,,,,,,,,,,,,,,,,,,,,,,,
D03-07,11/25/2019,0:06:01,8,Opossum,Secondary consumer,Omnivore,1,Single Species,1,,,,,,,,,,,,,,,,,,,,,,,,,,,,,,,,,,,,,,,,,,,,,,,,,,,,,,,,,,,,,,,,,,,,,,,,,,,,,,,,,
D03-07,11/25/2019,0:00:01,9,White-tailed Deer,Primary consumer,Herbivore,1,Single Species,1,,,,,,,,,,,,,,,,,,,,,,,,,,,,,,,,,,,,,,,,,,,,,,,,,,,,,,,,,,,,,,,,,,,,,,,,,,,,,,,,,
D03-07,11/25/2019,0:01:34,10,Opossum,Secondary consumer,Omnivore,1,Single Species,1,,,,,,,,,,,,,,,,,,,,,,,,,,,,,,,,,,,,,,,,,,,,,,,,,,,,,,,,,,,,,,,,,,,,,,,,,,,,,,,,,
D03-07,11/26/2019,0:00:01,11,Bird spp,Primary consumer,Omnivore,1,Single Species,1,,,,,,,,,,,,,,,,,,,,,,,,,,,,,,,,,,,,,,,,,,,,,,,,,,,,,,,,,,,,,,,,,,,,,,,,,,,,,,,,,
D03-07,11/26/2019,0:00:01,12,Bird spp,Primary consumer,Omnivore,1,Single Species,1,,,,,,,,,,,,,,,,,,,,,,,,,,,,,,,,,,,,,,,,,,,,,,,,,,,,,,,,,,,,,,,,,,,,,,,,,,,,,,,,,
D03-07,11/26/2019,0:00:01,13,Unknown,na,na,1,Single Species,1,,,,,,,,,,,,,,,,,,,,,,,,,,,,,,,,,,,,,,,,,,,,,,,,,,,,,,,,,,,,,,,,,,,,,,,,,,,,,,,,,
D03-07,11/27/2019,0:01:36,14,Eastern Gray Squirrel,Primary consumer,Omnivore,1,Single Species,1,,,,,,,,,,,,,,,,,,,,,,,,,,,,,,,,,,,,,,,,,,,,,,,,,,,,,,,,,,,,,,,,,,,,,,,,,,,,,,,,,
D03-07,11/28/2019,0:00:01,15,Eastern Gray Squirrel,Primary consumer,Omnivore,1,Single Species,1,,,,,,,,,,,,,,,,,,,,,,,,,,,,,,,,,,,,,,,,,,,,,,,,,,,,,,,,,,,,,,,,,,,,,,,,,,,,,,,,,
D03-07,11/28/2019,0:00:01,16,Opossum,Secondary consumer,Omnivore,1,Single Species,1,,,,,,,,,,,,,,,,,,,,,,,,,,,,,,,,,,,,,,,,,,,,,,,,,,,,,,,,,,,,,,,,,,,,,,,,,,,,,,,,,
D03-07,11/28/2019,0:00:12,17,Opossum,Secondary consumer,Omnivore,1,Single Species,1,,,,,,,,,,,,,,,,,,,,,,,,,,,,,,,,,,,,,,,,,,,,,,,,,,,,,,,,,,,,,,,,,,,,,,,,,,,,,,,,,
D03-07,11/29/2019,0:00:01,18,Opossum,Secondary consumer,Omnivore,1,Single Species,1,,,,,,,,,,,,,,,,,,,,,,,,,,,,,,,,,,,,,,,,,,,,,,,,,,,,,,,,,,,,,,,,,,,,,,,,,,,,,,,,,
D03-07,11/29/2019,0:01:32,19,Opossum,Secondary consumer,Omnivore,1,Single Species,1,,,,,,,,,,,,,,,,,,,,,,,,,,,,,,,,,,,,,,,,,,,,,,,,,,,,,,,,,,,,,,,,,,,,,,,,,,,,,,,,,
D03-07,11/29/2019,0:01:34,20,Opossum,Secondary consumer,Omnivore,1,Single Species,1,,,,,,,,,,,,,,,,,,,,,,,,,,,,,,,,,,,,,,,,,,,,,,,,,,,,,,,,,,,,,,,,,,,,,,,,,,,,,,,,,
D03-07,11/30/2019,0:00:01,21,Bird spp,Primary consumer,Omnivore,1,Single Species,1,,,,,,,,,,,,,,,,,,,,,,,,,,,,,,,,,,,,,,,,,,,,,,,,,,,,,,,,,,,,,,,,,,,,,,,,,,,,,,,,,
D03-07,12/1/2019,0:00:01,22,Opossum,Secondary consumer,Omnivore,1,Single Species,1,,,,,,,,,,,,,,,,,,,,,,,,,,,,,,,,,,,,,,,,,,,,,,,,,,,,,,,,,,,,,,,,,,,,,,,,,,,,,,,,,
D03-07,12/1/2019,0:00:01,23,Opossum,Secondary consumer,Omnivore,1,Single Species,1,,,,,,,,,,,,,,,,,,,,,,,,,,,,,,,,,,,,,,,,,,,,,,,,,,,,,,,,,,,,,,,,,,,,,,,,,,,,,,,,,
D03-07,12/1/2019,0:02:27,24,Bird spp,Primary consumer,Omnivore,1,Single Species,1,,,,,,,,,,,,,,,,,,,,,,,,,,,,,,,,,,,,,,,,,,,,,,,,,,,,,,,,,,,,,,,,,,,,,,,,,,,,,,,,,
D03-07,12/1/2019,0:00:01,25,Opossum,Secondary consumer,Omnivore,1,Single Species,1,,,,,,,,,,,,,,,,,,,,,,,,,,,,,,,,,,,,,,,,,,,,,,,,,,,,,,,,,,,,,,,,,,,,,,,,,,,,,,,,,
D03-07,12/1/2019,0:00:01,26,Bobcat,Tertiary consumer,Hyper carnivore,1,Single Species,1,,,,,,,,,,,,,,,,,,,,,,,,,,,,,,,,,,,,,,,,,,,,,,,,,,,,,,,,,,,,,,,,,,,,,,,,,,,,,,,,,
D03-07,12/1/2019,0:01:23,27,Bobcat,Tertiary consumer,Hyper carnivore,1,Single Species,1,,,,,,,,,,,,,,,,,,,,,,,,,,,,,,,,,,,,,,,,,,,,,,,,,,,,,,,,,,,,,,,,,,,,,,,,,,,,,,,,,
D03-07,12/2/2019,0:29:07,28,Bobcat,Tertiary consumer,Hyper carnivore,1,Single Species,1,,,,,,,,,,,,,,,,,,,,,,,,,,,,,,,,,,,,,,,,,,,,,,,,,,,,,,,,,,,,,,,,,,,,,,,,,,,,,,,,,
D03-07,12/2/2019,0:34:07,29,Bobcat,Tertiary consumer,Hyper carnivore,1,Single Species,1,,,,,,,,,,,,,,,,,,,,,,,,,,,,,,,,,,,,,,,,,,,,,,,,,,,,,,,,,,,,,,,,,,,,,,,,,,,,,,,,,
D03-07,12/2/2019,0:44:15,30,Bobcat,Tertiary consumer,Hyper carnivore,1,Single Species,1,,,,,,,,,,,,,,,,,,,,,,,,,,,,,,,,,,,,,,,,,,,,,,,,,,,,,,,,,,,,,,,,,,,,,,,,,,,,,,,,,
D03-07,12/3/2019,0:01:27,31,Bobcat,Tertiary consumer,Hyper carnivore,1,Single Species,1,,,,,,,,,,,,,,,,,,,,,,,,,,,,,,,,,,,,,,,,,,,,,,,,,,,,,,,,,,,,,,,,,,,,,,,,,,,,,,,,,
D03-07,12/3/2019,0:05:24,32,Bobcat,Tertiary consumer,Hyper carnivore,1,Single Species,1,,,,,,,,,,,,,,,,,,,,,,,,,,,,,,,,,,,,,,,,,,,,,,,,,,,,,,,,,,,,,,,,,,,,,,,,,,,,,,,,,
D03-07,12/3/2019,0:00:13,33,Eastern Gray Squirrel,Secondary consumer,Omnivore,1,Single Species,1,,,,,,,,,,,,,,,,,,,,,,,,,,,,,,,,,,,,,,,,,,,,,,,,,,,,,,,,,,,,,,,,,,,,,,,,,,,,,,,,,
D03-07,12/3/2019,0:01:55,34,Opossum,Secondary consumer,Omnivore,1,Single Species,1,,,,,,,,,,,,,,,,,,,,,,,,,,,,,,,,,,,,,,,,,,,,,,,,,,,,,,,,,,,,,,,,,,,,,,,,,,,,,,,,,
D03-07,12/3/2019,0:10:08,35,Bobcat,Tertiary consumer,Hyper carnivore,1,Single Species,1,,,,,,,,,,,,,,,,,,,,,,,,,,,,,,,,,,,,,,,,,,,,,,,,,,,,,,,,,,,,,,,,,,,,,,,,,,,,,,,,,
D03-07,12/3/2019,0:08:59,36,Bobcat,Tertiary consumer,Hyper carnivore,1,Single Species,1,,,,,,,,,,,,,,,,,,,,,,,,,,,,,,,,,,,,,,,,,,,,,,,,,,,,,,,,,,,,,,,,,,,,,,,,,,,,,,,,,
D03-07,12/3/2019,0:15:27,37,Bobcat,Tertiary consumer,Hyper carnivore,1,Single Species,1,,,,,,,,,,,,,,,,,,,,,,,,,,,,,,,,,,,,,,,,,,,,,,,,,,,,,,,,,,,,,,,,,,,,,,,,,,,,,,,,,
D03-07,12/4/2019,0:00:01,38,Bobcat,Tertiary consumer,Hyper carnivore,1,Single Species,1,,,,,,,,,,,,,,,,,,,,,,,,,,,,,,,,,,,,,,,,,,,,,,,,,,,,,,,,,,,,,,,,,,,,,,,,,,,,,,,,,
D03-07,12/4/2019,0:00:01,39,Unknown,na,na,1,Single Species,1,,,,,,,,,,,,,,,,,,,,,,,,,,,,,,,,,,,,,,,,,,,,,,,,,,,,,,,,,,,,,,,,,,,,,,,,,,,,,,,,,
D03-07,12/4/2019,0:03:46,40,Bobcat,Tertiary consumer,Hyper carnivore,1,Single Species,1,,,,,,,,,,,,,,,,,,,,,,,,,,,,,,,,,,,,,,,,,,,,,,,,,,,,,,,,,,,,,,,,,,,,,,,,,,,,,,,,,
D03-07,12/4/2019,0:27:58,41,Bobcat,Tertiary consumer,Hyper carnivore,1,Single Species,1,,,,,,,,,,,,,,,,,,,,,,,,,,,,,,,,,,,,,,,,,,,,,,,,,,,,,,,,,,,,,,,,,,,,,,,,,,,,,,,,,
D03-07,12/4/2019,0:05:12,42,Eastern Gray Squirrel,Secondary consumer,Omnivore,1,Single Species,1,,,,,,,,,,,,,,,,,,,,,,,,,,,,,,,,,,,,,,,,,,,,,,,,,,,,,,,,,,,,,,,,,,,,,,,,,,,,,,,,,
D03-07,12/4/2019,0:00:01,43,Bobcat,Tertiary consumer,Hyper carnivore,1,Single Species,1,,,,,,,,,,,,,,,,,,,,,,,,,,,,,,,,,,,,,,,,,,,,,,,,,,,,,,,,,,,,,,,,,,,,,,,,,,,,,,,,,
D03-07,12/4/2019,0:09:29,44,Bobcat,Tertiary consumer,Hyper carnivore,1,Single Species,1,,0:09:55,,,,,,,,,,,,,,,,,,,,,,,,,,,,,,,,,,,,,,,,,,,,,,,,,,,,,,,,,,,,,,,,,,,,,,,,,,,,,,,
D03-07,12/4/2019,0:00:01,45,Bobcat,Tertiary consumer,Hyper carnivore,1,Single Species,1,,0:01:43,,,,,,,,,,,,,,,,,,,,,,,,,,,,,,,,,,,,,,,,,,,,,,,,,,,,,,,,,,,,,,,,,,,,,,,,,,,,,,,
D03-07,12/5/2019,0:00:01,46,Bobcat,Tertiary consumer,Hyper carnivore,1,Single Species,1,,,,,,,,,,,,,,,,,,,,,,,,,,,,,,,,,,,,,,,,,,,,,,,,,,,,,,,,,,,,,,,,,,,,,,,,,,,,,,,,,
D03-07,12/5/2019,0:07:48,47,Bobcat,Tertiary consumer,Hyper carnivore,1,Single Species,1,,0:02:44,,,,,,,,,,,,,,,,,,,,,,,,,,,,,,,,,,,,,,,,,,,,,,,,,,,,,,,,,,,,,,,,,,,,,,,,,,,,,,,
D03-07,12/6/2019,0:06:56,48,Bobcat,Tertiary consumer,Hyper carnivore,1,Single Species,1,,,,,,,,,,,,,,,,,,,,,,,,,,,,,,,,,,,,,,,,,,,,,,,,,,,,,,,,,,,,,,,,,,,,,,,,,,,,,,,,,
D03-07,12/6/2019,0:19:13,49,Bobcat,Tertiary consumer,Hyper carnivore,1,Single Species,1,,,,,,,,,,,,,,,,,,,,,,,,,,,,,,,,,,,,,,,,,,,,,,,,,,,,,,,,,,,,,,,,,,,,,,,,,,,,,,,,,
D03-07,12/6/2019,0:09:55,50,Bobcat,Tertiary consumer,Hyper carnivore,1,Single Species,1,,,,,,,,,,,,,,,,,,,,,,,,,,,,,,,,,,,,,,,,,,,,,,,,,,,,,,,,,,,,,,,,,,,,,,,,,,,,,,,,,
D03-07,12/6/2019,0:00:01,51,Turkey Vulture,Tertiary consumer,Scavenger,1,Single Species,1,,,,,,,,,,,,,,,,,,,,,,,,,,,,,,,,,,,,,,,,,,,,,,,,,,,,,,,,,,,,,,,,,,,,,,,,,,,,,,,,,
D03-07,12/7/2019,0:00:01,52,Opossum,Secondary consumer,Omnivore,1,Single Species,1,,,,,,,,,,,,,,,,,,,,,,,,,,,,,,,,,,,,,,,,,,,,,,,,,,,,,,,,,,,,,,,,,,,,,,,,,,,,,,,,,
D03-07,12/7/2019,0:00:01,53,Opossum,Secondary consumer,Omnivore,1,Single Species,1,,,,,,,,,,,,,,,,,,,,,,,,,,,,,,,,,,,,,,,,,,,,,,,,,,,,,,,,,,,,,,,,,,,,,,,,,,,,,,,,,
D03-07,12/7/2019,0:00:01,54,Opossum,Secondary consumer,Omnivore,1,Single Species,1,,,,,,,,,,,,,,,,,,,,,,,,,,,,,,,,,,,,,,,,,,,,,,,,,,,,,,,,,,,,,,,,,,,,,,,,,,,,,,,,,
D03-07,12/9/2019,0:00:01,55,Opossum,Secondary consumer,Omnivore,1,Single Species,1,,,,,,,,,,,,,,,,,,,,,,,,,,,,,,,,,,,,,,,,,,,,,,,,,,,,,,,,,,,,,,,,,,,,,,,,,,,,,,,,,
D03-07,12/9/2019,0:00:01,56,Opossum,Secondary consumer,Omnivore,1,Single Species,1,,,,,,,,,,,,,,,,,,,,,,,,,,,,,,,,,,,,,,,,,,,,,,,,,,,,,,,,,,,,,,,,,,,,,,,,,,,,,,,,,
D03-07,12/9/2019,0:01:43,57,Bobcat,Tertiary consumer,Hyper carnivore,1,Single Species,1,,,,,,,,,,,,,,,,,,,,,,,,,,,,,,,,,,,,,,,,,,,,,,,,,,,,,,,,,,,,,,,,,,,,,,,,,,,,,,,,,
D03-07,12/10/2019,0:00:01,58,Opossum,Secondary consumer,Omnivore,1,Single Species,1,,,,,,,,,,,,,,,,,,,,,,,,,,,,,,,,,,,,,,,,,,,,,,,,,,,,,,,,,,,,,,,,,,,,,,,,,,,,,,,,,
D03-07,12/10/2019,0:00:01,59,White-tailed Deer,Primary consumer,Herbivore,1,Single Species,1,,,,,,,,,,,,,,,,,,,,,,,,,,,,,,,,,,,,,,,,,,,,,,,,,,,,,,,,,,,,,,,,,,,,,,,,,,,,,,,,,
D03-07,12/11/2019,0:11:36,60,Coyote,Tertiary consumer,Meso carnivore,1,Single Species,1,,,,,,,,,,,,,,,,,,,,,,,,,,,,,,,,,,,,,,,,,,,,,,,,,,,,,,,,,,,,,,,,,,,,,,,,,,,,,,,,,
D03-07,12/12/2019,0:15:32,61,Coyote,Tertiary consumer,Meso carnivore,2,Single Species,1,,,,,,,,,,,,,,,,,,,,,,,,,,,,,,,,,,,,,,,,,,,,,,,,,,,,,,,,,,,,,,,,,,,,,,,,,,,,,,,,,
D03-07,12/12/2019,0:02:44,62,Dog,na,Domestic,1,Single Species,1,,,,,,,,,,,,,,,,,,,,,,,,,,,,,,,,,,,,,,,,,,,,,,,,,,,,,,,,,,,,,,,,,,,,,,,,,,,,,,,,,
D03-07,12/12/2019,0:01:30,63,Opossum,Secondary consumer,Omnivore,1,Single Species,1,,,,,,,,,,,,,,,,,,,,,,,,,,,,,,,,,,,,,,,,,,,,,,,,,,,,,,,,,,,,,,,,,,,,,,,,,,,,,,,,,
D03-07,12/12/2019,0:06:23,64,Bobcat,Tertiary consumer,Hyper carnivore,1,Single Species,1,,,,,,,,,,,,,,,,,,,,,,,,,,,,,,,,,,,,,,,,,,,,,,,,,,,,,,,,,,,,,,,,,,,,,,,,,,,,,,,,,
D03-07,12/12/2019,0:15:37,65,Coyote,Tertiary consumer,Meso carnivore,1,Single Species,1,,,,,,,,,,,,,,,,,,,,,,,,,,,,,,,,,,,,,,,,,,,,,,,,,,,,,,,,,,,,,,,,,,,,,,,,,,,,,,,,,
D03-07,12/15/2019,0:00:01,66,Eastern Gray Squirrel,Secondary consumer,Omnivore,1,Single Species,1,,,,,,,,,,,,,,,,,,,,,,,,,,,,,,,,,,,,,,,,,,,,,,,,,,,,,,,,,,,,,,,,,,,,,,,,,,,,,,,,,
D03-07,12/15/2019,0:01:34,67,Raccoon,Secondary consumer,Omnivore,2,Single Species,1,,,,,,,,,,,,,,,,,,,,,,,,,,,,,,,,,,,,,,,,,,,,,,,,,,,,,,,,,,,,,,,,,,,,,,,,,,,,,,,,,
D03-07,12/15/2019,0:04:49,68,Coyote,Tertiary consumer,Meso carnivore,2,Single Species,1,,,,,,,,,,,,,,,,,,,,,,,,,,,,,,,,,,,,,,,,,,,,,,,,,,,,,,,,,,,,,,,,,,,,,,,,,,,,,,,,,
D03-07,12/16/2019,0:00:01,69,Coyote,Tertiary consumer,Meso carnivore,1,Single Species,1,,,,,,,,,,,,,,,,,,,,,,,,,,,,,,,,,,,,,,,,,,,,,,,,,,,,,,,,,,,,,,,,,,,,,,,,,,,,,,,,,
D03-07,12/16/2019,0:01:23,70,Bird spp,Secondary consumer,Omnivore,1,Single Species,1,,,,,,,,,,,,,,,,,,,,,,,,,,,,,,,,,,,,,,,,,,,,,,,,,,,,,,,,,,,,,,,,,,,,,,,,,,,,,,,,,
D03-07,12/18/2019,0:00:01,71,Opossum,Secondary consumer,Omnivore,1,Single Species,1,,,,,,,,,,,,,,,,,,,,,,,,,,,,,,,,,,,,,,,,,,,,,,,,,,,,,,,,,,,,,,,,,,,,,,,,,,,,,,,,,
D03-07,12/18/2019,0:02:44,72,Coyote,Tertiary consumer,Meso carnivore,1,Single Species,1,,,,,,,,,,,,,,,,,,,,,,,,,,,,,,,,,,,,,,,,,,,,,,,,,,,,,,,,,,,,,,,,,,,,,,,,,,,,,,,,,
D03-07,12/18/2019,0:19:39,73,Coyote,Tertiary consumer,Meso carnivore,1,Single Species,1,,,,,,,,,,,,,,,,,,,,,,,,,,,,,,,,,,,,,,,,,,,,,,,,,,,,,,,,,,,,,,,,,,,,,,,,,,,,,,,,,
D03-07,12/18/2019,0:00:01,74,Coyote,Tertiary consumer,Meso carnivore,1,Single Species,1,,,,,,,,,,,,,,,,,,,,,,,,,,,,,,,,,,,,,,,,,,,,,,,,,,,,,,,,,,,,,,,,,,,,,,,,,,,,,,,,,
D03-07,12/18/2019,0:00:01,75,Coyote,Tertiary consumer,Meso carnivore,1,Single Species,1,,,,,,,,,,,,,,,,,,,,,,,,,,,,,,,,,,,,,,,,,,,,,,,,,,,,,,,,,,,,,,,,,,,,,,,,,,,,,,,,,
D03-07,12/20/2019,0:00:01,76,Coyote,Tertiary consumer,Meso carnivore,1,Single Species,1,,,,,,,,,,,,,,,,,,,,,,,,,,,,,,,,,,,,,,,,,,,,,,,,,,,,,,,,,,,,,,,,,,,,,,,,,,,,,,,,,
D03-07,12/21/2019,0:28:40,77,Coyote,Tertiary consumer,Meso carnivore,1,Single Species,1,,,,,,,,,,,,,,,,,,,,,,,,,,,,,,,,,,,,,,,,,,,,,,,,,,,,,,,,,,,,,,,,,,,,,,,,,,,,,,,,,
D03-07,12/21/2019,0:00:01,78,Coyote,Tertiary consumer,Meso carnivore,1,Single Species,1,,,,,,,,,,,,,,,,,,,,,,,,,,,,,,,,,,,,,,,,,,,,,,,,,,,,,,,,,,,,,,,,,,,,,,,,,,,,,,,,,
D03-07,12/23/2019,0:00:01,79,Opossum,Secondary consumer,Omnivore,1,Single Species,1,,,,,,,,,,,,,,,,,,,,,,,,,,,,,,,,,,,,,,,,,,,,,,,,,,,,,,,,,,,,,,,,,,,,,,,,,,,,,,,,,
D03-07,12/24/2019,0:00:01,80,Opossum,Secondary consumer,Omnivore,1,Single Species,1,,,,,,,,,,,,,,,,,,,,,,,,,,,,,,,,,,,,,,,,,,,,,,,,,,,,,,,,,,,,,,,,,,,,,,,,,,,,,,,,,
D03-07,12/24/2019,0:01:20,81,Opossum,Secondary consumer,Omnivore,1,Single Species,1,,,,,,,,,,,,,,,,,,,,,,,,,,,,,,,,,,,,,,,,,,,,,,,,,,,,,,,,,,,,,,,,,,,,,,,,,,,,,,,,,
D03-07,12/29/2019,0:01:20,82,White-tailed Deer,Primary consumer,Herbivore,1,Single Species,1,,,,,,,,,,,,,,,,,,,,,,,,,,,,,,,,,,,,,,,,,,,,,,,,,,,,,,,,,,,,,,,,,,,,,,,,,,,,,,,,,
D03-07,12/30/2019,0:00:01,83,Eastern Gray Squirrel,Primary consumer,Omnivore,1,Single Species,1,,,,,,,,,,,,,,,,,,,,,,,,,,,,,,,,,,,,,,,,,,,,,,,,,,,,,,,,,,,,,,,,,,,,,,,,,,,,,,,,,
D03-07,12/30/2019,0:00:01,84,Eastern Gray Squirrel,Primary consumer,Omnivore,1,Single Species,1,,,,,,,,,,,,,,,,,,,,,,,,,,,,,,,,,,,,,,,,,,,,,,,,,,,,,,,,,,,,,,,,,,,,,,,,,,,,,,,,,
D03-07,12/30/2019,0:01:57,85,Opossum,Primary consumer,Omnivore,1,Single Species,1,,,,,,,,,,,,,,,,,,,,,,,,,,,,,,,,,,,,,,,,,,,,,,,,,,,,,,,,,,,,,,,,,,,,,,,,,,,,,,,,,
D03-07,12/31/2019,0:04:53,86,Dog,na,Domestic,2,Single Species,1,,,,,,,,,,,,,,,,,,,,,,,,,,,,,,,,,,,,,,,,,,,,,,,,,,,,,,,,,,,,,,,,,,,,,,,,,,,,,,,,,
D03-07,12/31/2019,0:00:01,87,Coyote,Tertiary consumer,Meso carnivore,1,Single Species,1,,,,,,,,,,,,,,,,,,,,,,,,,,,,,,,,,,,,,,,,,,,,,,,,,,,,,,,,,,,,,,,,,,,,,,,,,,,,,,,,,
D03-07,1/1/2020,0:00:01,88,Eastern Gray Squirrel,Primary consumer,Omnivore,1,Single Species,1,,,,,,,,,,,,,,,,,,,,,,,,,,,,,,,,,,,,,,,,,,,,,,,,,,,,,,,,,,,,,,,,,,,,,,,,,,,,,,,,,
D03-07,1/2/2020,0:00:01,89,Eastern Gray Squirrel,Primary consumer,Omnivore,1,Single Species,1,,,,,,,,,,,,,,,,,,,,,,,,,,,,,,,,,,,,,,,,,,,,,,,,,,,,,,,,,,,,,,,,,,,,,,,,,,,,,,,,,
D03-07,1/5/2020,0:00:01,90,Eastern Gray Squirrel,Primary consumer,Omnivore,1,Single Species,1,,,,,,,,,,,,,,,,,,,,,,,,,,,,,,,,,,,,,,,,,,,,,,,,,,,,,,,,,,,,,,,,,,,,,,,,,,,,,,,,,
D03-07,1/6/2020,0:00:01,91,White-tailed Deer,Primary consumer,Herbivore,1,Single Species,1,,,,,,,,,,,,,,,,,,,,,,,,,,,,,,,,,,,,,,,,,,,,,,,,,,,,,,,,,,,,,,,,,,,,,,,,,,,,,,,,,
D03-07,1/7/2020,0:00:01,92,Eastern Gray Squirrel,Primary consumer,Omnivore,1,Single Species,1,,,,,,,,,,,,,,,,,,,,,,,,,,,,,,,,,,,,,,,,,,,,,,,,,,,,,,,,,,,,,,,,,,,,,,,,,,,,,,,,,
D03-07,1/9/2020,0:11:17,93,Eastern Gray Squirrel,Primary consumer,Omnivore,2,Single Species,1,,,,,,,,,,,,,,,,,,,,,,,,,,,,,,,,,,,,,,,,,,,,,,,,,,,,,,,,,,,,,,,,,,,,,,,,,,,,,,,,,
D03-07,1/9/2020,0:46:07,94,Eastern Gray Squirrel,Primary consumer,Omnivore,2,Single Species,1,,,,,,,,,,,,,,,,,,,,,,,,,,,,,,,,,,,,,,,,,,,,,,,,,,,,,,,,,,,,,,,,,,,,,,,,,,,,,,,,,
D03-07,1/9/2020,0:12:23,95,Eastern Gray Squirrel,Primary consumer,Omnivore,1,Single Species,1,,,,,,,,,,,,,,,,,,,,,,,,,,,,,,,,,,,,,,,,,,,,,,,,,,,,,,,,,,,,,,,,,,,,,,,,,,,,,,,,,
D03-07,1/9/2020,0:00:01,96,Eastern Gray Squirrel,Primary consumer,Omnivore,1,Single Species,1,,,,,,,,,,,,,,,,,,,,,,,,,,,,,,,,,,,,,,,,,,,,,,,,,,,,,,,,,,,,,,,,,,,,,,,,,,,,,,,,,
D03-07,1/9/2020,0:11:27,97,Eastern Gray Squirrel,Primary consumer,Omnivore,1,Single Species,1,,,,,,,,,,,,,,,,,,,,,,,,,,,,,,,,,,,,,,,,,,,,,,,,,,,,,,,,,,,,,,,,,,,,,,,,,,,,,,,,,
D03-07,1/9/2020,0:13:25,98,Eastern Gray Squirrel,Primary consumer,Omnivore,1,Single Species,1,,,,,,,,,,,,,,,,,,,,,,,,,,,,,,,,,,,,,,,,,,,,,,,,,,,,,,,,,,,,,,,,,,,,,,,,,,,,,,,,,
D03-07,1/9/2020,0:01:45,99,Eastern Gray Squirrel,Primary consumer,Omnivore,1,Single Species,1,,,,,,,,,,,,,,,,,,,,,,,,,,,,,,,,,,,,,,,,,,,,,,,,,,,,,,,,,,,,,,,,,,,,,,,,,,,,,,,,,
D03-07,1/13/2020,0:00:01,100,Eastern Gray Squirrel,Primary consumer,Omnivore,1,Single Species,1,,,,,,,,,,,,,,,,,,,,,,,,,,,,,,,,,,,,,,,,,,,,,,,,,,,,,,,,,,,,,,,,,,,,,,,,,,,,,,,,,
D03-07,1/13/2020,0:00:01,101,Bird spp,Primary consumer,Omnivore,1,Single Species,1,,,,,,,,,,,,,,,,,,,,,,,,,,,,,,,,,,,,,,,,,,,,,,,,,,,,,,,,,,,,,,,,,,,,,,,,,,,,,,,,,
D03-07,1/13/2020,0:00:01,102,Mouse,Primary consumer,Omnivore,1,Single Species,1,,,,,,,,,,,,,,,,,,,,,,,,,,,,,,,,,,,,,,,,,,,,,,,,,,,,,,,,,,,,,,,,,,,,,,,,,,,,,,,,,
D03-07,1/13/2020,0:00:01,103,Mouse,Primary consumer,Omnivore,1,Single Species,1,,,,,,,,,,,,,,,,,,,,,,,,,,,,,,,,,,,,,,,,,,,,,,,,,,,,,,,,,,,,,,,,,,,,,,,,,,,,,,,,,
D03-07,1/16/2020,0:00:01,104,Mouse,Primary consumer,Omnivore,1,Single Species,1,,,,,,,,,,,,,,,,,,,,,,,,,,,,,,,,,,,,,,,,,,,,,,,,,,,,,,,,,,,,,,,,,,,,,,,,,,,,,,,,,
D03-07,1/16/2020,0:01:29,105,Mouse,Primary consumer,Omnivore,1,Single Species,1,,,,,,,,,,,,,,,,,,,,,,,,,,,,,,,,,,,,,,,,,,,,,,,,,,,,,,,,,,,,,,,,,,,,,,,,,,,,,,,,,
D03-07,1/16/2020,0:00:24,106,Mouse,Primary consumer,Omnivore,1,Single Species,1,,,,,,,,,,,,,,,,,,,,,,,,,,,,,,,,,,,,,,,,,,,,,,,,,,,,,,,,,,,,,,,,,,,,,,,,,,,,,,,,,
D03-07,1/18/2020,0:00:01,107,Eastern Gray Squirrel,Primary consumer,Omnivore,1,Single Species,1,,,,,,,,,,,,,,,,,,,,,,,,,,,,,,,,,,,,,,,,,,,,,,,,,,,,,,,,,,,,,,,,,,,,,,,,,,,,,,,,,
D03-07,1/19/2020,0:01:22,103,Bird spp,Primary consumer,Omnivore,1,Single Species,1,,,,,,,,,,,,,,,,,,,,,,,,,,,,,,,,,,,,,,,,,,,,,,,,,,,,,,,,,,,,,,,,,,,,,,,,,,,,,,,,,
D03-07,1/19/2020,0:03:58,104,Mouse,Primary consumer,Omnivore,1,Single Species,1,,,,,,,,,,,,,,,,,,,,,,,,,,,,,,,,,,,,,,,,,,,,,,,,,,,,,,,,,,,,,,,,,,,,,,,,,,,,,,,,,
D03-07,1/20/2020,0:00:01,105,Mouse,Primary consumer,Omnivore,1,Single Species,1,,,,,,,,,,,,,,,,,,,,,,,,,,,,,,,,,,,,,,,,,,,,,,,,,,,,,,,,,,,,,,,,,,,,,,,,,,,,,,,,,
D03-07,1/22/2020,0:00:01,106,Eastern Gray Squirrel,Primary consumer,Omnivore,1,Single Species,1,,,,,,,,,,,,,,,,,,,,,,,,,,,,,,,,,,,,,,,,,,,,,,,,,,,,,,,,,,,,,,,,,,,,,,,,,,,,,,,,,
D03-07,1/25/2020,0:00:01,107,Mouse,Primary consumer,Omnivore,1,Single Species,1,,,,,,,,,,,,,,,,,,,,,,,,,,,,,,,,,,,,,,,,,,,,,,,,,,,,,,,,,,,,,,,,,,,,,,,,,,,,,,,,,
D03-07,1/26/2020,0:00:01,108,Mouse,Primary consumer,Omnivore,1,Single Species,1,,,,,,,,,,,,,,,,,,,,,,,,,,,,,,,,,,,,,,,,,,,,,,,,,,,,,,,,,,,,,,,,,,,,,,,,,,,,,,,,,
D03-07,1/26/2020,0:00:01,109,Mouse,Primary consumer,Omnivore,1,Single Species,1,,,,,,,,,,,,,,,,,,,,,,,,,,,,,,,,,,,,,,,,,,,,,,,,,,,,,,,,,,,,,,,,,,,,,,,,,,,,,,,,,
D03-07,1/26/2020,0:00:01,110,Eastern Gray Squirrel,Primary consumer,Omnivore,1,Single Species,1,,,,,,,,,,,,,,,,,,,,,,,,,,,,,,,,,,,,,,,,,,,,,,,,,,,,,,,,,,,,,,,,,,,,,,,,,,,,,,,,,
D03-07,1/26/2020,0:04:43,111,Mouse,Primary consumer,Omnivore,1,Single Species,1,,,,,,,,,,,,,,,,,,,,,,,,,,,,,,,,,,,,,,,,,,,,,,,,,,,,,,,,,,,,,,,,,,,,,,,,,,,,,,,,,
D03-07,1/27/2020,0:00:01,112,Bird spp,Primary consumer,Omnivore,1,Single Species,1,,,,,,,,,,,,,,,,,,,,,,,,,,,,,,,,,,,,,,,,,,,,,,,,,,,,,,,,,,,,,,,,,,,,,,,,,,,,,,,,,
D03-07,1/27/2020,0:00:01,113,Mouse,Primary consumer,Omnivore,1,Single Species,1,,,,,,,,,,,,,,,,,,,,,,,,,,,,,,,,,,,,,,,,,,,,,,,,,,,,,,,,,,,,,,,,,,,,,,,,,,,,,,,,,
D03-07,1/28/2020,0:00:01,114,Mouse,Primary consumer,Omnivore,1,Single Species,1,,,,,,,,,,,,,,,,,,,,,,,,,,,,,,,,,,,,,,,,,,,,,,,,,,,,,,,,,,,,,,,,,,,,,,,,,,,,,,,,,
D03-07,1/28/2020,0:00:01,115,Mouse,Primary consumer,Omnivore,1,Single Species,1,,,,,,,,,,,,,,,,,,,,,,,,,,,,,,,,,,,,,,,,,,,,,,,,,,,,,,,,,,,,,,,,,,,,,,,,,,,,,,,,,
D03-07,1/28/2020,0:00:01,116,Unknown,na,na,1,Single Species,1,,,,,,,,,,,,,,,,,,,,,,,,,,,,,,,,,,,,,,,,,,,,,,,,,,,,,,,,,,,,,,,,,,,,,,,,,,,,,,,,,
D03-07,1/30/2020,0:00:01,117,Mouse,Primary consumer,Omnivore,1,Single Species,1,,,,,,,,,,,,,,,,,,,,,,,,,,,,,,,,,,,,,,,,,,,,,,,,,,,,,,,,,,,,,,,,,,,,,,,,,,,,,,,,,
D03-07,1/31/2020,0:03:15,118,Coyote,Tertiary consumer,Meso carnivore,2,Single Species,1,,,,,,,,,,,,,,,,,,,,,,,,,,,,,,,,,,,,,,,,,,,,,,,,,,,,,,,,,,,,,,,,,,,,,,,,,,,,,,,,,
D03-07,2/1/2020,0:02:32,119,Coyote,Tertiary consumer,Meso carnivore,1,Single Species,1,,,,,,,,,,,,,,,,,,,,,,,,,,,,,,,,,,,,,,,,,,,,,,,,,,,,,,,,,,,,,,,,,,,,,,,,,,,,,,,,,
D03-07,2/6/2020,0:01:59,120,Coyote,Tertiary consumer,Meso carnivore,1,Single Species,1,,,,,,,,,,,,,,,,,,,,,,,,,,,,,,,,,,,,,,,,,,,,,,,,,,,,,,,,,,,,,,,,,,,,,,,,,,,,,,,,,
D03-07,2/7/2020,0:00:01,121,Opossum,Secondary consumer,Omnivore,1,Single Species,1,,,,,,,,,,,,,,,,,,,,,,,,,,,,,,,,,,,,,,,,,,,,,,,,,,,,,,,,,,,,,,,,,,,,,,,,,,,,,,,,,
D03-07,2/7/2020,0:00:01,122,Mouse,Primary consumer,Omnivore,1,Single Species,1,,,,,,,,,,,,,,,,,,,,,,,,,,,,,,,,,,,,,,,,,,,,,,,,,,,,,,,,,,,,,,,,,,,,,,,,,,,,,,,,,
D03-07,2/8/2020,0:00:01,123,Bird spp,Primary consumer,Bird,1,Single Species,1,,,,,,,,,,,,,,,,,,,,,,,,,,,,,,,,,,,,,,,,,,,,,,,,,,,,,,,,,,,,,,,,,,,,,,,,,,,,,,,,,
D03-07,2/9/2020,0:00:30,124,Mouse,Primary consumer,Omnivore,1,Single Species,1,,,,,,,,,,,,,,,,,,,,,,,,,,,,,,,,,,,,,,,,,,,,,,,,,,,,,,,,,,,,,,,,,,,,,,,,,,,,,,,,,
D03-07,2/10/2020,0:03:19,125,White-tailed Deer,Primary consumer,Herbivore,2,Single Species,1,,,,,,,,,,,,,,,,,,,,,,,,,,,,,,,,,,,,,,,,,,,,,,,,,,,,,,,,,,,,,,,,,,,,,,,,,,,,,,,,,
D03-07,2/10/2020,0:00:38,126,Bird spp,Primary consumer,Omnivore,1,Single Species,1,,,,,,,,,,,,,,,,,,,,,,,,,,,,,,,,,,,,,,,,,,,,,,,,,,,,,,,,,,,,,,,,,,,,,,,,,,,,,,,,,
D03-07,2/12/2020,0:00:01,127,Mouse,Primary consumer,Omnivore,1,Single Species,1,,,,,,,,,,,,,,,,,,,,,,,,,,,,,,,,,,,,,,,,,,,,,,,,,,,,,,,,,,,,,,,,,,,,,,,,,,,,,,,,,
D03-07,2/12/2020,0:00:01,128,Mouse,Primary consumer,Omnivore,1,Single Species,1,,,,,,,,,,,,,,,,,,,,,,,,,,,,,,,,,,,,,,,,,,,,,,,,,,,,,,,,,,,,,,,,,,,,,,,,,,,,,,,,,
D03-07,2/12/2020,0:00:01,129,Mouse,Primary consumer,Omnivore,1,Single Species,1,,,,,,,,,,,,,,,,,,,,,,,,,,,,,,,,,,,,,,,,,,,,,,,,,,,,,,,,,,,,,,,,,,,,,,,,,,,,,,,,,
D03-07,2/13/2020,0:00:01,130,Eastern Gray Squirrel,Primary consumer,Omnivore,1,Single Species,1,,,,,,,,,,,,,,,,,,,,,,,,,,,,,,,,,,,,,,,,,,,,,,,,,,,,,,,,,,,,,,,,,,,,,,,,,,,,,,,,,
D03-07,2/14/2020,0:00:01,131,Mouse,Primary consumer,Omnivore,1,Single Species,1,,,,,,,,,,,,,,,,,,,,,,,,,,,,,,,,,,,,,,,,,,,,,,,,,,,,,,,,,,,,,,,,,,,,,,,,,,,,,,,,,
D03-07,2/15/2020,0:00:37,132,Bird spp,Primary consumer,Omnivore,1,Single Species,1,,,,,,,,,,,,,,,,,,,,,,,,,,,,,,,,,,,,,,,,,,,,,,,,,,,,,,,,,,,,,,,,,,,,,,,,,,,,,,,,,
D03-07,2/20/2020,0:00:01,133,Long-tailed Weasel,Secondary consumer,Hyper carnivore,1,Single Species,1,,,,,,,,,,,,,,,,,,,,,,,,,,,,,,,,,,,,,,,,,,,,,,,,,,,,,,,,,,,,,,,,,,,,,,,,,,,,,,,,,
D03-07,2/24/2020,0:00:01,134,Mouse,Primary consumer,Omnivore,1,Single Species,1,,,,,,,,,,,,,,,,,,,,,,,,,,,,,,,,,,,,,,,,,,,,,,,,,,,,,,,,,,,,,,,,,,,,,,,,,,,,,,,,,
D03-07,2/25/2020,0:00:01,135,Mouse,Primary consumer,Omnivore,1,Single Species,1,,,,,,,,,,,,,,,,,,,,,,,,,,,,,,,,,,,,,,,,,,,,,,,,,,,,,,,,,,,,,,,,,,,,,,,,,,,,,,,,,
D03-07,2/26/2020,0:00:01,136,Eastern Gray Squirrel,Primary consumer,Omnivore,1,Single Species,1,,,,,,,,,,,,,,,,,,,,,,,,,,,,,,,,,,,,,,,,,,,,,,,,,,,,,,,,,,,,,,,,,,,,,,,,,,,,,,,,,
D03-07,2/29/2020,0:01:24,137,Coyote,Tertiary consumer,Meso carnivore,1,Single Species,1,,,,,,,,,,,,,,,,,,,,,,,,,,,,,,,,,,,,,,,,,,,,,,,,,,,,,,,,,,,,,,,,,,,,,,,,,,,,,,,,,
D03-07,2/29/2020,0:00:01,138,Mouse,Primary consumer,Omnivore,1,Single Species,1,,,,,,,,,,,,,,,,,,,,,,,,,,,,,,,,,,,,,,,,,,,,,,,,,,,,,,,,,,,,,,,,,,,,,,,,,,,,,,,,,
D03-07,3/1/2020,0:00:01,139,Mouse,Primary consumer,Omnivore,1,Single Species,1,,,,,,,,,,,,,,,,,,,,,,,,,,,,,,,,,,,,,,,,,,,,,,,,,,,,,,,,,,,,,,,,,,,,,,,,,,,,,,,,,
D03-07,3/3/2020,0:00:01,140,Mouse,Primary consumer,Omnivore,1,Single Species,1,,,,,,,,,,,,,,,,,,,,,,,,,,,,,,,,,,,,,,,,,,,,,,,,,,,,,,,,,,,,,,,,,,,,,,,,,,,,,,,,,
D03-07,3/3/2020,0:00:01,141,Mouse,Primary consumer,Omnivore,1,Single Species,1,,,,,,,,,,,,,,,,,,,,,,,,,,,,,,,,,,,,,,,,,,,,,,,,,,,,,,,,,,,,,,,,,,,,,,,,,,,,,,,,,
D03-07,3/7/2020,0:00:01,142,Bird spp,Primary consumer,Omnivore,1,Single Species,1,,,,,,,,,,,,,,,,,,,,,,,,,,,,,,,,,,,,,,,,,,,,,,,,,,,,,,,,,,,,,,,,,,,,,,,,,,,,,,,,,
D03-07,3/8/2020,0:12:21,143,White-tailed Deer,Primary consumer,Herbivore,1,Single Species,1,,,,,,,,,,,,,,,,,,,,,,,,,,,,,,,,,,,,,,,,,,,,,,,,,,,,,,,,,,,,,,,,,,,,,,,,,,,,,,,,,
D03-07,3/8/2020,0:00:01,144,Eastern Gray Squirrel,Primary consumer,Omnivore,1,Single Species,1,,,,,,,,,,,,,,,,,,,,,,,,,,,,,,,,,,,,,,,,,,,,,,,,,,,,,,,,,,,,,,,,,,,,,,,,,,,,,,,,,
D03-07,3/13/2020,0:00:01,145,Mouse,Primary consumer,Omnivore,1,Single Species,1,,,,,,,,,,,,,,,,,,,,,,,,,,,,,,,,,,,,,,,,,,,,,,,,,,,,,,,,,,,,,,,,,,,,,,,,,,,,,,,,,
D03-07,3/14/2020,0:00:34,146,Mouse,Primary consumer,Omnivore,1,Single Species,1,,,,,,,,,,,,,,,,,,,,,,,,,,,,,,,,,,,,,,,,,,,,,,,,,,,,,,,,,,,,,,,,,,,,,,,,,,,,,,,,,
D03-07,3/15/2020,0:00:01,147,Bird spp,Primary consumer,Omnivore,1,Single Species,1,,,,,,,,,,,,,,,,,,,,,,,,,,,,,,,,,,,,,,,,,,,,,,,,,,,,,,,,,,,,,,,,,,,,,,,,,,,,,,,,,
D03-07,3/15/2020,0:00:01,148,Mouse,Primary consumer,Omnivore,1,Single Species,1,,,,,,,,,,,,,,,,,,,,,,,,,,,,,,,,,,,,,,,,,,,,,,,,,,,,,,,,,,,,,,,,,,,,,,,,,,,,,,,,,
D03-07,3/19/2020,0:00:01,149,Mouse,Primary consumer,Omnivore,1,Single Species,1,,,,,,,,,,,,,,,,,,,,,,,,,,,,,,,,,,,,,,,,,,,,,,,,,,,,,,,,,,,,,,,,,,,,,,,,,,,,,,,,,
D03-07,3/19/2020,0:00:01,150,Mouse,Primary consumer,Omnivore,1,Single Species,1,,,,,,,,,,,,,,,,,,,,,,,,,,,,,,,,,,,,,,,,,,,,,,,,,,,,,,,,,,,,,,,,,,,,,,,,,,,,,,,,,
D03-07,3/25/2020,0:03:01,151,Raccoon,Secondary consumer,Omnivore,2,Single Species,1,,,,,,,,,,,,,,,,,,,,,,,,,,,,,,,,,,,,,,,,,,,,,,,,,,,,,,,,,,,,,,,,,,,,,,,,,,,,,,,,,
D03-07,3/25/2020,0:00:51,152,Bird spp,Primary consumer,Omnivore,1,Single Species,1,,,,,,,,,,,,,,,,,,,,,,,,,,,,,,,,,,,,,,,,,,,,,,,,,,,,,,,,,,,,,,,,,,,,,,,,,,,,,,,,,
D03-07,3/25/2020,0:02:32,153,Coyote,Tertiary consumer,Meso carnivore,1,Single Species,1,,,,,,,,,,,,,,,,,,,,,,,,,,,,,,,,,,,,,,,,,,,,,,,,,,,,,,,,,,,,,,,,,,,,,,,,,,,,,,,,,
D03-07,3/25/2020,0:00:26,154,Mouse,Primary consumer,Omnivore,1,Single Species,1,,,,,,,,,,,,,,,,,,,,,,,,,,,,,,,,,,,,,,,,,,,,,,,,,,,,,,,,,,,,,,,,,,,,,,,,,,,,,,,,,
D03-07,3/27/2020,0:00:01,155,Bird spp,Primary consumer,Omnivore,1,Single Species,1,,,,,,,,,,,,,,,,,,,,,,,,,,,,,,,,,,,,,,,,,,,,,,,,,,,,,,,,,,,,,,,,,,,,,,,,,,,,,,,,,
D03-07,3/27/2020,0:00:01,156,Bird spp,Primary consumer,Omnivore,1,Single Species,1,,,,,,,,,,,,,,,,,,,,,,,,,,,,,,,,,,,,,,,,,,,,,,,,,,,,,,,,,,,,,,,,,,,,,,,,,,,,,,,,,
D03-07,3/27/2020,0:00:01,157,Mouse,Primary consumer,Omnivore,1,Single Species,1,,,,,,,,,,,,,,,,,,,,,,,,,,,,,,,,,,,,,,,,,,,,,,,,,,,,,,,,,,,,,,,,,,,,,,,,,,,,,,,,,
D03-07,3/28/2020,0:00:01,158,Mouse,Primary consumer,Omnivore,1,Single Species,1,,,,,,,,,,,,,,,,,,,,,,,,,,,,,,,,,,,,,,,,,,,,,,,,,,,,,,,,,,,,,,,,,,,,,,,,,,,,,,,,,
D03-07,3/28/2020,0:00:12,159,Eastern Gray Squirrel,Primary consumer,Omnivore,1,Single Species,1,,,,,,,,,,,,,,,,,,,,,,,,,,,,,,,,,,,,,,,,,,,,,,,,,,,,,,,,,,,,,,,,,,,,,,,,,,,,,,,,,
D03-07,3/30/2020,0:00:01,160,Bird spp,Primary consumer,Omnivore,1,Single Species,1,,,,,,,,,,,,,,,,,,,,,,,,,,,,,,,,,,,,,,,,,,,,,,,,,,,,,,,,,,,,,,,,,,,,,,,,,,,,,,,,,
D03-07,3/31/2020,0:00:01,161,White-tailed Deer,Primary consumer,Herbivore,1,Single Species,1,,,,,,,,,,,,,,,,,,,,,,,,,,,,,,,,,,,,,,,,,,,,,,,,,,,,,,,,,,,,,,,,,,,,,,,,,,,,,,,,,
D03-07,4/1/2020,0:00:01,162,Bird spp,Primary consumer,Omnivore,1,Single Species,1,,,,,,,,,,,,,,,,,,,,,,,,,,,,,,,,,,,,,,,,,,,,,,,,,,,,,,,,,,,,,,,,,,,,,,,,,,,,,,,,,
D03-07,4/1/2020,0:00:01,163,Bird spp,Primary consumer,Omnivore,1,Single Species,1,,,,,,,,,,,,,,,,,,,,,,,,,,,,,,,,,,,,,,,,,,,,,,,,,,,,,,,,,,,,,,,,,,,,,,,,,,,,,,,,,
D03-07,4/2/2020,0:00:01,164,Unknown,na,na,1,Single Species,1,,,,,,,,,,,,,,,,,,,,,,,,,,,,,,,,,,,,,,,,,,,,,,,,,,,,,,,,,,,,,,,,,,,,,,,,,,,,,,,,,
D03-07,4/3/2020,0:00:01,165,Bird spp,Primary consumer,Omnivore,1,Single Species,1,,,,,,,,,,,,,,,,,,,,,,,,,,,,,,,,,,,,,,,,,,,,,,,,,,,,,,,,,,,,,,,,,,,,,,,,,,,,,,,,,
D03-07,4/9/2020,0:00:01,166,Eastern Chipmunk,Primary consumer,Omnivore,1,Single Species,1,,,,,,,,,,,,,,,,,,,,,,,,,,,,,,,,,,,,,,,,,,,,,,,,,,,,,,,,,,,,,,,,,,,,,,,,,,,,,,,,,
D03-07,4/9/2020,0:01:14,167,Bird spp,Primary consumer,Omnivore,1,Single Species,1,,,,,,,,,,,,,,,,,,,,,,,,,,,,,,,,,,,,,,,,,,,,,,,,,,,,,,,,,,,,,,,,,,,,,,,,,,,,,,,,,
D03-07,4/11/2020,0:00:01,168,Mouse,Primary consumer,Omnivore,1,Single Species,1,,,,,,,,,,,,,,,,,,,,,,,,,,,,,,,,,,,,,,,,,,,,,,,,,,,,,,,,,,,,,,,,,,,,,,,,,,,,,,,,,
D03-07,4/15/2020,0:02:32,169,Raccoon,Secondary consumer,Omnivore,1,Single Species,1,,,,,,,,,,,,,,,,,,,,,,,,,,,,,,,,,,,,,,,,,,,,,,,,,,,,,,,,,,,,,,,,,,,,,,,,,,,,,,,,,
D03-07,4/17/2020,0:06:41,170,Human,na,na,1,Single Species,1,,,,,,,,,,,,,,,,,,,,,,,,,,,,,,,,,,,,,,,,,,,,,,,,,,,,,,,,,,,,,,,,,,,,,,,,,,,,,,,,,
